StartDate,EndDate,Status,IPAddress,Progress,Duration (in seconds),Finished,RecordedDate,ResponseId,RecipientLastName,RecipientFirstName,RecipientEmail,ExternalReference,LocationLatitude,LocationLongitude,DistributionChannel,UserLanguage,Introduction,Q39,Q40,Q1,Q2,Q3,Q4,Q5,Q6,Q7,Q8,Q9,Q10,Q11,Q12,Q13,Q14,Q15,Q16,Demographic,Q26,Q27,Q27_7_TEXT,Q29,Q30,Q31,Q31_4_TEXT,Q32,Q32_7_TEXT,Q33
Start Date,End Date,Response Type,IP Address,Progress,Duration (in seconds),Finished,Recorded Date,Response ID,Recipient Last Name,Recipient First Name,Recipient Email,External Data Reference,Location Latitude,Location Longitude,Distribution Channel,User Language,"University of Hawaiʻi Mānoa
Consent to Participate in a Research Project
Title: Sustaining Crane Conservation Through Farmer Participation


Hello! You are being asked to take part in a research study about your preferences for participating in crane conservation as part of an investigation conducted by the University of Hawaiʻi at Mānoa. You are eligible for this study if you are a rice farmer and you are at least 18 years old.


Objectives: The goal of this research is to understand farmers' preferences for participation in crane-friendly rice farming programs in Cambodia. You will be asked to respond to hypothetical (potential) conservation program scenarios that vary in features such as training opportunities, fertilizer support, participation requirements, and financial incentives. This information will help design conservation programs that work better for farmers.


Project Description – Activities and Time Commitment: If you decide to take part, you will be asked to complete a survey. Most questions are multiple choice, with a few questions asking for your opinion. The survey includes several hypothetical choice scenarios and questions about your farming experience. Completing the survey will take approximately 10-12 minutes. We expect approximately 100 farmers will take part in this study.


Benefits and Risks: There is no direct benefit to you for taking part in this project. We hope the information collected will help improve conservation programs for crane-friendly rice farming in Cambodia. There is little risk associated with participating in this study.


Confidentiality and Privacy: This study collects no personal identifying information. You will remain anonymous. The records from this study are kept private and only UH researchers will have access to them. Please do not include any personal information in your survey responses.


Voluntary Participation: You can freely choose to take part or not take part in this survey. There will be no penalty or loss of benefits for either decision. 

If you agree to participate, you can stop at any time.
Questions: If you have questions about this study, please contact Kirsten Oleson at 808-956-8864 or koleson@hawaii.edu. You may contact the UH Human Studies Program at 808-956-5007 or uhirb@hawaii.edu to discuss problems, concerns, or questions, or to offer input from someone unaffiliated with this research.


Please visit https://www.hawaii.edu/researchcompliance/information-research-participants for more information on your rights as a research participant.","How many kilograms of synthetic fertilizer do you use on your rice farm each season, per hectare? 
(For example, some farmers use 200 kilograms of synthetic fertilizer per hectare of their rice farm. Note: synthetic fertilizer is often sold as 25 kilograms per bag.)","How much synthetic herbicide (weed killer) do you use on your rice farm each season, per hectare? 
(For example, some farmers use 850 mL or 112 g of synthetic fertilizer per hectare of their rice farm.) Note: Herbicide is often sold in liquid form, measured in milliliters, or as a powder, measured in grams.",Please review the two alternatives below and choose the one you prefer. Alternative One Alternati...,"Fertilizer you get free
  
  Fertilizer you pay for
        
        200
        kg/ha
        
        25 kg/ha
        
        175
        kg/ha
        
        20 kg/ha
        
        180
        kg/ha
        
        15 kg/ha
        
        185
        kg/ha
        
        10 kg/ha
        
        190
        kg/ha
        
        5 kg/ha
        
        195
        kg/ha
        Year 1
        Year 2
        Year 3
        Year 4
        Year 5
        Year 6



  
  Fertilizer you get free
  
  Fertilizer you pay for
        
        200
        kg/ha
        
        200
        kg/ha
        
        200
        kg/ha
        
        25 kg/ha
        
        175
        kg/ha
        
        25 kg/ha
        
        175
        kg/ha
        
        25 kg/ha
        
        175
        kg/ha
        Year 1
        Year 2
        Year 3
        Year 4
        Year 5
        Year 6



Please review the two alternatives below and choose the one you prefer.



	
		
			 
			Alternative One
			Alternative Two
		
		
			 Chemical Input & Restriction Level
			Medium Restriction

			About half the amount of synthetic fertilizer and herbicide can be used, and the other half needs to be organic
			High Restriction

			You cannot use synthetic fertilizer or herbicide, fertilizers need to be organic
		
		
			 Training Timing
			Both before planting and harvesting
			Before harvest
		
		
			 Organic Fertilizer Support
			
				
				🔍 tap to enlarge
			
			
				
				🔍 tap to enlarge
			
		
		
			 Incentive Paid to Farmers
			payment = market price + 60 riels per kg
			payment = market price + 60 riels per kg
		
	




Medium Restriction

Minimal herbicide use and half of your fertilizer needs to be organic
×



High Restriction

You cannot use herbicide and fertilizer needs to be organic
×



×



×","Fertilizer you get free
  
  Fertilizer you pay for
        
        200
        kg/ha
        
        15 kg/ha
        
        185
        kg/ha
        
        15 kg/ha
        
        185
        kg/ha
        
        15 kg/ha
        
        185
        kg/ha
        
        15 kg/ha
        
        185
        kg/ha
        
        15 kg/ha
        
        185
        kg/ha
        Year 1
        Year 2
        Year 3
        Year 4
        Year 5
        Year 6



  
  Fertilizer you get free
  
  Fertilizer you pay for
        
        200
        kg/ha
        
        25 kg/ha
        
        175
        kg/ha
        
        20 kg/ha
        
        180
        kg/ha
        
        15 kg/ha
        
        185
        kg/ha
        
        10 kg/ha
        
        190
        kg/ha
        
        5 kg/ha
        
        195
        kg/ha
        Year 1
        Year 2
        Year 3
        Year 4
        Year 5
        Year 6



Please review the two alternatives below and choose the one you prefer.



	
		
			 
			Alternative One
			Alternative Two
		
		
			 Chemical Input & Restriction Level
			High Restriction

			You cannot use synthetic fertilizer or herbicide, fertilizers need to be organic
			Low Restriction

			Synthetic fertilizer and herbicide can be used
		
		
			 Training Timing
			Before harvest
			Before planting
		
		
			 Organic Fertilizer Support
			
				
				🔍 tap to enlarge
			
			
				
				🔍 tap to enlarge
			
		
		
			 Incentive Paid to Farmers
			payment = market price + 110 riels per kg
			payment = market price + 20 riels per kg
		
	




High Restriction

You cannot use herbicide and fertilizer needs to be organic
×



Low Restriction

Synthetic herbicide and fertilizer can be used
×



×



×","Fertilizer you get free
  
  Fertilizer you pay for
        
        200
        kg/ha
        
        200
        kg/ha
        
        200
        kg/ha
        
        25 kg/ha
        
        175
        kg/ha
        
        25 kg/ha
        
        175
        kg/ha
        
        25 kg/ha
        
        175
        kg/ha
        Year 1
        Year 2
        Year 3
        Year 4
        Year 5
        Year 6



  
  Fertilizer you get free
  
  Fertilizer you pay for
        
        200
        kg/ha
        
        15 kg/ha
        
        185
        kg/ha
        
        15 kg/ha
        
        185
        kg/ha
        
        15 kg/ha
        
        185
        kg/ha
        
        15 kg/ha
        
        185
        kg/ha
        
        15 kg/ha
        
        185
        kg/ha
        Year 1
        Year 2
        Year 3
        Year 4
        Year 5
        Year 6



Please review the two alternatives below and choose the one you prefer.



	
		
			 
			Alternative One
			Alternative Two
		
		
			 Chemical Input & Restriction Level
			Medium Restriction

			About half the amount of synthetic fertilizer and herbicide can be used, and the other half needs to be organic
			Low Restriction

			Synthetic fertilizer and herbicide can be used
		
		
			 Training Timing
			Before harvest
			Both before planting and harvesting
		
		
			 Organic Fertilizer Support
			
				
				🔍 tap to enlarge
			
			
				
				🔍 tap to enlarge
			
		
		
			 Incentive Paid to Farmers
			payment = market price + 80 riels per kg
			payment = market price + 60 riels per kg
		
	




Medium Restriction

Minimal herbicide use and half of your fertilizer needs to be organic
×



Low Restriction

Synthetic herbicide and fertilizer can be used
×



×



×","Fertilizer you get free
  
  Fertilizer you pay for
        
        200
        kg/ha
        
        200
        kg/ha
        
        200
        kg/ha
        
        25 kg/ha
        
        175
        kg/ha
        
        25 kg/ha
        
        175
        kg/ha
        
        25 kg/ha
        
        175
        kg/ha
        Year 1
        Year 2
        Year 3
        Year 4
        Year 5
        Year 6



  
  Fertilizer you get free
  
  Fertilizer you pay for
        
        200
        kg/ha
        
        15 kg/ha
        
        185
        kg/ha
        
        15 kg/ha
        
        185
        kg/ha
        
        15 kg/ha
        
        185
        kg/ha
        
        15 kg/ha
        
        185
        kg/ha
        
        15 kg/ha
        
        185
        kg/ha
        Year 1
        Year 2
        Year 3
        Year 4
        Year 5
        Year 6



Please review the two alternatives below and choose the one you prefer.



	
		
			 
			Alternative One
			Alternative Two
		
		
			 Chemical Input & Restriction Level
			Low Restriction

			Synthetic fertilizer and herbicide can be used
			Medium Restriction

			About half the amount of synthetic fertilizer and herbicide can be used, and the other half needs to be organic
		
		
			 Training Timing
			Before harvest
			Before planting
		
		
			 Organic Fertilizer Support
			
				
				🔍 tap to enlarge
			
			
				
				🔍 tap to enlarge
			
		
		
			 Incentive Paid to Farmers
			payment = market price + 10 riels per kg
			payment = market price + 10 riels per kg
		
	




Low Restriction

Synthetic herbicide and fertilizer can be used
×



Medium Restriction

Minimal herbicide use and half of your fertilizer needs to be organic
×



×



×","Fertilizer you get free
  
  Fertilizer you pay for
        
        200
        kg/ha
        
        25 kg/ha
        
        175
        kg/ha
        
        20 kg/ha
        
        180
        kg/ha
        
        15 kg/ha
        
        185
        kg/ha
        
        10 kg/ha
        
        190
        kg/ha
        
        5 kg/ha
        
        195
        kg/ha
        Year 1
        Year 2
        Year 3
        Year 4
        Year 5
        Year 6



  
  Fertilizer you get free
  
  Fertilizer you pay for
        
        200
        kg/ha
        
        200
        kg/ha
        
        200
        kg/ha
        
        25 kg/ha
        
        175
        kg/ha
        
        25 kg/ha
        
        175
        kg/ha
        
        25 kg/ha
        
        175
        kg/ha
        Year 1
        Year 2
        Year 3
        Year 4
        Year 5
        Year 6



Please review the two alternatives below and choose the one you prefer.



	
		
			 
			Alternative One
			Alternative Two
		
		
			 Chemical Input & Restriction Level
			High Restriction

			You cannot use synthetic fertilizer or herbicide; fertilizers need to be organic
			Medium Restriction

			About half the amount of synthetic fertilizer and herbicide can be used and the other half needs to be organic
		
		
			 Training Timing
			Before harvest
			Before planting
		
		
			 Organic Fertilizer Support
			
				
				🔍 tap to enlarge
			
			
				
				🔍 tap to enlarge
			
		
		
			 Incentive Paid to Farmers
			payment = market price + 20 riels per kg
			payment = market price + 110 riels per kg
		
	




High Restriction

You cannot use herbicide and fertilizer needs to be organic
×



Medium Restriction

Minimal herbicide use and half of your fertilizer needs to be organic
×



×



×","Fertilizer you get free
  
  Fertilizer you pay for
        
        200
        kg/ha
        
        200
        kg/ha
        
        200
        kg/ha
        
        25 kg/ha
        
        175
        kg/ha
        
        25 kg/ha
        
        175
        kg/ha
        
        25 kg/ha
        
        175
        kg/ha
        Year 1
        Year 2
        Year 3
        Year 4
        Year 5
        Year 6



  
  Fertilizer you get free
  
  Fertilizer you pay for
        
        200
        kg/ha
        
        15 kg/ha
        
        185
        kg/ha
        
        15 kg/ha
        
        185
        kg/ha
        
        15 kg/ha
        
        185
        kg/ha
        
        15 kg/ha
        
        185
        kg/ha
        
        15 kg/ha
        
        185
        kg/ha
        Year 1
        Year 2
        Year 3
        Year 4
        Year 5
        Year 6



Please review the two alternatives below and choose the one you prefer.



	
		
			 
			Alternative One
			Alternative Two
		
		
			 Chemical Input & Restriction Level
			High Restriction

			You cannot use synthetic fertilizer or herbicide; fertilizers need to be organic
			Medium Restriction

			About half the amount of synthetic fertilizer and herbicide can be used and the other half needs to be organic
		
		
			 Training Timing
			Both before planting and harvesting
			Before harvest
		
		
			 Organic Fertilizer Support
			
				
				🔍 tap to enlarge
			
			
				
				🔍 tap to enlarge
			
		
		
			 Incentive Paid to Farmers
			payment = market price + 60 riels per kg
			payment = market price + 80 riels per kg
		
	




High Restriction

You cannot use herbicide and fertilizer needs to be organic
×



Medium Restriction

Minimal herbicide use and half of your fertilizer needs to be organic
×



×



×","Fertilizer you get free
  
  Fertilizer you pay for
        
        200
        kg/ha
        
        200
        kg/ha
        
        200
        kg/ha
        
        25 kg/ha
        
        175
        kg/ha
        
        25 kg/ha
        
        175
        kg/ha
        
        25 kg/ha
        
        175
        kg/ha
        Year 1
        Year 2
        Year 3
        Year 4
        Year 5
        Year 6



  
  Fertilizer you get free
  
  Fertilizer you pay for
        
        200
        kg/ha
        
        25 kg/ha
        
        175
        kg/ha
        
        20 kg/ha
        
        180
        kg/ha
        
        15 kg/ha
        
        185
        kg/ha
        
        10 kg/ha
        
        190
        kg/ha
        
        5 kg/ha
        
        195
        kg/ha
        Year 1
        Year 2
        Year 3
        Year 4
        Year 5
        Year 6



Please review the two alternatives below and choose the one you prefer.



	
		
			 
			Alternative One
			Alternative Two
		
		
			 Chemical Input & Restriction Level
			Low Restriction

			Synthetic fertilizer and herbicide can be used
			High Restriction

			You cannot use synthetic fertilizer or herbicide; fertilizers need to be organic
		
		
			 Training Timing
			Before planting
			Both before planting and harvesting
		
		
			 Organic Fertilizer Support
			
				
				🔍 tap to enlarge
			
			
				
				🔍 tap to enlarge
			
		
		
			 Incentive Paid to Farmers
			payment = market price + 60 riels per kg
			payment = market price + 20 riels per kg
		
	




Low Restriction

Synthetic herbicide and fertilizer can be used
×



High Restriction

You cannot use herbicide and fertilizer needs to be organic
×



×



×","Fertilizer you get free
  
  Fertilizer you pay for
        
        200
        kg/ha
        
        15 kg/ha
        
        185
        kg/ha
        
        15 kg/ha
        
        185
        kg/ha
        
        15 kg/ha
        
        185
        kg/ha
        
        15 kg/ha
        
        185
        kg/ha
        
        15 kg/ha
        
        185
        kg/ha
        Year 1
        Year 2
        Year 3
        Year 4
        Year 5
        Year 6



  
  Fertilizer you get free
  
  Fertilizer you pay for
        
        200
        kg/ha
        
        25 kg/ha
        
        175
        kg/ha
        
        20 kg/ha
        
        180
        kg/ha
        
        15 kg/ha
        
        185
        kg/ha
        
        10 kg/ha
        
        190
        kg/ha
        
        5 kg/ha
        
        195
        kg/ha
        Year 1
        Year 2
        Year 3
        Year 4
        Year 5
        Year 6



Please review the two alternatives below and choose the one you prefer.



	
		
			 
			Alternative One
			Alternative Two
		
		
			 Chemical Input & Restriction Level
			Low Restriction

			Synthetic fertilizer and herbicide can be used
			Medium Restriction

			About half the amount of synthetic fertilizer and herbicide can be used and the other half needs to be organic
		
		
			 Training Timing
			Both before planting and harvesting
			Before harvest
		
		
			 Organic Fertilizer Support
			
				
				🔍 tap to enlarge
			
			
				
				🔍 tap to enlarge
			
		
		
			 Incentive Paid to Farmers
			payment = market price + 110 riels per kg
			payment = market price + 10 riels per kg
		
	




Low Restriction

Synthetic herbicide and fertilizer can be used
×



Medium Restriction

Minimal herbicide use and half of your fertilizer needs to be organic
×



×



×","Fertilizer you get free
  
  Fertilizer you pay for
        
        200
        kg/ha
        
        25 kg/ha
        
        175
        kg/ha
        
        20 kg/ha
        
        180
        kg/ha
        
        15 kg/ha
        
        185
        kg/ha
        
        10 kg/ha
        
        190
        kg/ha
        
        5 kg/ha
        
        195
        kg/ha
        Year 1
        Year 2
        Year 3
        Year 4
        Year 5
        Year 6



  
  Fertilizer you get free
  
  Fertilizer you pay for
        
        200
        kg/ha
        
        15 kg/ha
        
        185
        kg/ha
        
        15 kg/ha
        
        185
        kg/ha
        
        15 kg/ha
        
        185
        kg/ha
        
        15 kg/ha
        
        185
        kg/ha
        
        15 kg/ha
        
        185
        kg/ha
        Year 1
        Year 2
        Year 3
        Year 4
        Year 5
        Year 6



Please review the two alternatives below and choose the one you prefer.



	
		
			 
			Alternative One
			Alternative Two
		
		
			 Chemical Input & Restriction Level
			Medium Restriction

			About half the amount of synthetic fertilizer and herbicide can be used, and the other half needs to be organic
			High Restriction

			You cannot use synthetic fertilizer or herbicide; fertilizers need to be organic
		
		
			 Training Timing
			Both before planting and harvesting
			Before planting
		
		
			 Organic Fertilizer Support
			
				
				🔍 tap to enlarge
			
			
				
				🔍 tap to enlarge
			
		
		
			 Incentive Paid to Farmers
			payment = market price + 110 riels per kg
			payment = market price + 10 riels per kg
		
	




Medium Restriction

Minimal herbicide use and half of your fertilizer needs to be organic
×



High Restriction

You cannot use herbicide and fertilizer needs to be organic
×



×



×","Fertilizer you get free
  
  Fertilizer you pay for
        
        200
        kg/ha
        
        15 kg/ha
        
        185
        kg/ha
        
        15 kg/ha
        
        185
        kg/ha
        
        15 kg/ha
        
        185
        kg/ha
        
        15 kg/ha
        
        185
        kg/ha
        
        15 kg/ha
        
        185
        kg/ha
        Year 1
        Year 2
        Year 3
        Year 4
        Year 5
        Year 6



  
  Fertilizer you get free
  
  Fertilizer you pay for
        
        200
        kg/ha
        
        25 kg/ha
        
        175
        kg/ha
        
        20 kg/ha
        
        180
        kg/ha
        
        15 kg/ha
        
        185
        kg/ha
        
        10 kg/ha
        
        190
        kg/ha
        
        5 kg/ha
        
        195
        kg/ha
        Year 1
        Year 2
        Year 3
        Year 4
        Year 5
        Year 6





	
		
			 
			Alternative One
			Alternative Two
		
		
			 Chemical Input & Restriction Level
			Medium Restriction

			About half the amount of synthetic fertilizer and herbicide you use now, and the other half needs to be organic
			High Restriction

			You cannot use synthetic fertilizer or herbicide; fertilizers need to be organic
		
		
			 Training Timing
			Both before planting and harvesting
			Before planting
		
		
			 Fertilizer You Receive and Pay
			
				
				🔍 tap to enlarge
			
			
				
				🔍 tap to enlarge
			
		
		
			 Incentive Paid to Farmers
			payment = market price + 10 riels per kg
			payment = market price + 110 riels per kg
		
	




Medium Restriction

Minimal herbicide use and half of your fertilizer needs to be organic
×



High Restriction

You cannot use herbicide and fertilizer needs to be organic
×



×



×","Fertilizer you get free
  
  Fertilizer you pay for
        
        200
        kg/ha
        
        25 kg/ha
        
        175
        kg/ha
        
        20 kg/ha
        
        180
        kg/ha
        
        15 kg/ha
        
        185
        kg/ha
        
        10 kg/ha
        
        190
        kg/ha
        
        5 kg/ha
        
        195
        kg/ha
        Year 1
        Year 2
        Year 3
        Year 4
        Year 5
        Year 6



  
  Fertilizer you get free
  
  Fertilizer you pay for
        
        200
        kg/ha
        
        200
        kg/ha
        
        200
        kg/ha
        
        25 kg/ha
        
        175
        kg/ha
        
        25 kg/ha
        
        175
        kg/ha
        
        25 kg/ha
        
        175
        kg/ha
        Year 1
        Year 2
        Year 3
        Year 4
        Year 5
        Year 6



Please review the two alternatives below and choose the one you prefer.



	
		
			 
			Alternative One
			Alternative Two
		
		
			 Chemical Input & Restriction Level
			Low Restriction

			Synthetic fertilizer and herbicide can be used
			High Restriction

			You cannot use synthetic fertilizer or herbicide; fertilizers need to be organic
		
		
			 Training Timing
			Before planting
			Both before planting and harvesting
		
		
			 Organic Fertilizer Support
			
				
				🔍 tap to enlarge
			
			
				
				🔍 tap to enlarge
			
		
		
			 Incentive Paid to Farmers
			payment = market price + 10 riels per kg
			payment = market price + 110 riels per kg
		
	




Low Restriction

Synthetic herbicide and fertilizer can be used
×



High Restriction

You cannot use herbicide and fertilizer needs to be organic
×



×



×","Fertilizer you get free
  
  Fertilizer you pay for
        
        200
        kg/ha
        
        200
        kg/ha
        
        200
        kg/ha
        
        25 kg/ha
        
        175
        kg/ha
        
        25 kg/ha
        
        175
        kg/ha
        
        25 kg/ha
        
        175
        kg/ha
        Year 1
        Year 2
        Year 3
        Year 4
        Year 5
        Year 6



  
  Fertilizer you get free
  
  Fertilizer you pay for
        
        200
        kg/ha
        
        15 kg/ha
        
        185
        kg/ha
        
        15 kg/ha
        
        185
        kg/ha
        
        15 kg/ha
        
        185
        kg/ha
        
        15 kg/ha
        
        185
        kg/ha
        
        15 kg/ha
        
        185
        kg/ha
        Year 1
        Year 2
        Year 3
        Year 4
        Year 5
        Year 6



Please review the two alternatives below and choose the one you prefer.



	
		
			 
			Alternative One
			Alternative Two
		
		
			 Chemical Input & Restriction Level
			High Restriction

			You cannot use synthetic fertilizer or herbicide; fertilizers need to be organic
			Low Restriction

			Synthetic fertilizer and herbicide can be used
		
		
			 Training Timing
			Before planting
			Before harvest
		
		
			 Organic Fertilizer Support
			
				
				🔍 tap to enlarge
			
			
				
				🔍 tap to enlarge
			
		
		
			 Incentive Paid to Farmers
			payment = market price + 20 riels per kg
			payment = market price + 80 riels per kg
		
	




High Restriction

You cannot use herbicide and fertilizer needs to be organic
×



Low Restriction

Synthetic herbicide and fertilizer can be used
×



×



×","Fertilizer you get free
  
  Fertilizer you pay for
        
        200
        kg/ha
        
        15 kg/ha
        
        185
        kg/ha
        
        15 kg/ha
        
        185
        kg/ha
        
        15 kg/ha
        
        185
        kg/ha
        
        15 kg/ha
        
        185
        kg/ha
        
        15 kg/ha
        
        185
        kg/ha
        Year 1
        Year 2
        Year 3
        Year 4
        Year 5
        Year 6



  
  Fertilizer you get free
  
  Fertilizer you pay for
        
        200
        kg/ha
        
        25 kg/ha
        
        175
        kg/ha
        
        20 kg/ha
        
        180
        kg/ha
        
        15 kg/ha
        
        185
        kg/ha
        
        10 kg/ha
        
        190
        kg/ha
        
        5 kg/ha
        
        195
        kg/ha
        Year 1
        Year 2
        Year 3
        Year 4
        Year 5
        Year 6



Please review the two alternatives below and choose the one you prefer.



	
		
			 
			Alternative One
			Alternative Two
		
		
			 Chemical Input & Restriction Level
			High Restriction

			You cannot use synthetic fertilizer or herbicide; fertilizers need to be organic
			Low Restriction

			Synthetic fertilizer and herbicide can be used
		
		
			 Training Timing
			Both before planting and harvesting
			Before harvest
		
		
			 Organic Fertilizer Support
			
				
				🔍 tap to enlarge
			
			
				
				🔍 tap to enlarge
			
		
		
			 Incentive Paid to Farmers
			payment = market price + 20 riels per kg
			payment = market price + 80 riels per kg
		
	




High Restriction

You cannot use herbicide and fertilizer needs to be organic
×



Low Restriction

Synthetic herbicide and fertilizer can be used
×



×



×","Fertilizer you get free
  
  Fertilizer you pay for
        
        200
        kg/ha
        
        25 kg/ha
        
        175
        kg/ha
        
        20 kg/ha
        
        180
        kg/ha
        
        15 kg/ha
        
        185
        kg/ha
        
        10 kg/ha
        
        190
        kg/ha
        
        5 kg/ha
        
        195
        kg/ha
        Year 1
        Year 2
        Year 3
        Year 4
        Year 5
        Year 6



  
  Fertilizer you get free
  
  Fertilizer you pay for
        
        200
        kg/ha
        
        200
        kg/ha
        
        200
        kg/ha
        
        25 kg/ha
        
        175
        kg/ha
        
        25 kg/ha
        
        175
        kg/ha
        
        25 kg/ha
        
        175
        kg/ha
        Year 1
        Year 2
        Year 3
        Year 4
        Year 5
        Year 6



Please review the two alternatives below and choose the one you prefer.



	
		
			 
			Alternative One
			Alternative Two
		
		
			 Chemical Input & Restriction Level
			High Restriction

			You cannot use synthetic fertilizer or herbicide; fertilizers need to be organic
			Medium Restriction

			About half the amount of synthetic fertilizer and herbicide can be used, and the other half needs to be organic
		
		
			 Training Timing
			Before planting
			Both before planting and harvesting
		
		
			 Organic Fertilizer Support
			
				
				🔍 tap to enlarge
			
			
				
				🔍 tap to enlarge
			
		
		
			 Incentive Paid to Farmers
			payment = market price + 110 riels per kg
			payment = market price + 10 riels per kg
		
	




High Restriction

You cannot use herbicide and fertilizer needs to be organic
×



Medium Restriction

Minimal herbicide use and half of your fertilizer needs to be organic
×



×



×","Fertilizer you get free
  
  Fertilizer you pay for
        
        200
        kg/ha
        
        15 kg/ha
        
        185
        kg/ha
        
        15 kg/ha
        
        185
        kg/ha
        
        15 kg/ha
        
        185
        kg/ha
        
        15 kg/ha
        
        185
        kg/ha
        
        15 kg/ha
        
        185
        kg/ha
        Year 1
        Year 2
        Year 3
        Year 4
        Year 5
        Year 6



  
  Fertilizer you get free
  
  Fertilizer you pay for
        
        200
        kg/ha
        
        200
        kg/ha
        
        200
        kg/ha
        
        25 kg/ha
        
        175
        kg/ha
        
        25 kg/ha
        
        175
        kg/ha
        
        25 kg/ha
        
        175
        kg/ha
        Year 1
        Year 2
        Year 3
        Year 4
        Year 5
        Year 6



Please review the two alternatives below and choose the one you prefer.



	
		
			 
			Alternative One
			Alternative Two
		
		
			 Chemical Input & Restriction Level
			Medium Restriction

			About half the amount of synthetic fertilizer and herbicide can be used, and the other half needs to be organic
			Low Restriction

			Synthetic fertilizer and herbicide can be used
		
		
			 Training Timing
			Before planting
			Both before planting and harvesting
		
		
			 Organic Fertilizer Support
			
				
				🔍 tap to enlarge
			
			
				
				🔍 tap to enlarge
			
		
		
			 Incentive Paid to Farmers
			payment = market price + 80 riels per kg
			payment = market price + 20 riels per kg
		
	




Medium Restriction

Minimal herbicide use and half of your fertilizer needs to be organic
×



Low Restriction

Synthetic herbicide and fertilizer can be used
×



×



×","What is your age? ""Please enter your age in years""",What is your gender?,What is the highest level of education you have completed? - Selected Choice,What is the highest level of education you have completed? - Other (please specify) — with text entry box - Text,How many years have you been farming rice?,How much land do you currently use for rice farming?,Do you own or rent the land you farm? - Selected Choice,Do you own or rent the land you farm? - Other (please specify) — with text entry box - Text,What is your main source of household income? - Selected Choice,What is your main source of household income? - Other (please specify) — with text entry box - Text,Approximately what percentage of your household income comes from rice farming?
"{""ImportId"":""startDate"",""timeZone"":""Pacific/Honolulu""}","{""ImportId"":""endDate"",""timeZone"":""Pacific/Honolulu""}","{""ImportId"":""status""}","{""ImportId"":""ipAddress""}","{""ImportId"":""progress""}","{""ImportId"":""duration""}","{""ImportId"":""finished""}","{""ImportId"":""recordedDate"",""timeZone"":""Pacific/Honolulu""}","{""ImportId"":""_recordId""}","{""ImportId"":""recipientLastName""}","{""ImportId"":""recipientFirstName""}","{""ImportId"":""recipientEmail""}","{""ImportId"":""externalDataReference""}","{""ImportId"":""locationLatitude""}","{""ImportId"":""locationLongitude""}","{""ImportId"":""distributionChannel""}","{""ImportId"":""userLanguage""}","{""ImportId"":""QID1""}","{""ImportId"":""QID48_TEXT""}","{""ImportId"":""QID49_TEXT""}","{""ImportId"":""QID9""}","{""ImportId"":""QID4""}","{""ImportId"":""QID8""}","{""ImportId"":""QID10""}","{""ImportId"":""QID11""}","{""ImportId"":""QID12""}","{""ImportId"":""QID13""}","{""ImportId"":""QID14""}","{""ImportId"":""QID7""}","{""ImportId"":""QID15""}","{""ImportId"":""QID29""}","{""ImportId"":""QID16""}","{""ImportId"":""QID17""}","{""ImportId"":""QID18""}","{""ImportId"":""QID19""}","{""ImportId"":""QID20""}","{""ImportId"":""QID30_TEXT""}","{""ImportId"":""QID31""}","{""ImportId"":""QID32""}","{""ImportId"":""QID32_7_TEXT""}","{""ImportId"":""QID34_TEXT""}","{""ImportId"":""QID35_TEXT""}","{""ImportId"":""QID36""}","{""ImportId"":""QID36_4_TEXT""}","{""ImportId"":""QID37""}","{""ImportId"":""QID37_7_TEXT""}","{""ImportId"":""QID38""}"
2026-06-23 11:57:12,2026-06-23 11:57:13,2,,100,1,1,2026-06-23 11:57:13,R_1TWTP5NghRVhcQS,,,,,,,test,,4,,,2,2,3,3,2,1,1,1,,,,,,,,,Platea curabitur fusce. Convallis! Eleifend vitae porttitor leo dolor. Risus.,2,3,,Elementum pede euismod placerat ridiculus sollicitudin. Ante diam auctor arcu.,Ante placerat viverra? Leo dui. Orci pretium bibendum? Ultricies! Consectetuer.,3,,4,,1
2026-06-23 11:57:13,2026-06-23 11:57:13,2,,100,0,1,2026-06-23 11:57:13,R_b2BblG7QbaSwaQ6,,,,,,,test,,5,,,,,,,,,,,1,1,1,3,3,3,1,3,"Magna augue vivamus! Suscipit. Aenean fermentum est? Faucibus, natoque iaculis phasellus arcu, tortor vulputate.",2,7,Magna orci nullam viverra ultrices morbi commodo praesent porttitor purus sagittis lectus molestie.,Vel dolorem vivamus non malesuada placerat metus sollicitudin atque at augue fermentum ultricies. Elementum sapien.,"Tincidunt justo vehicula phasellus magnis eros aliquet, est dictumst curabitur felis vivamus culpa ultricies.",3,,3,,2
2026-06-23 11:57:13,2026-06-23 11:57:13,2,,100,0,1,2026-06-23 11:57:14,R_82PP5Tm0Ef9tGpE,,,,,,,test,,4,,,,,,,,,,,3,1,2,3,3,1,3,3,Primis. Magna iaculis aliquam. Dignissim donec eros nunc venenatis! Mauris blandit justo sagittis metus rutrum.,3,2,,"Consequat duis ridiculus laoreet! Morbi imperdiet, diam vivamus sodales ante consectetuer? Rhoncus dignissim lorem vestibulum.",Rhoncus dapibus magnis id culpa molestie porta fringilla elit augue nonummy a euismod.,4,Sollicitudin. Mi. Vivamus risus a lectus! Ultricies? Duis platea odio.,5,,1
2026-06-23 11:57:14,2026-06-23 11:57:14,2,,100,0,1,2026-06-23 11:57:14,R_03uIZeec9bBPOpU,,,,,,,test,,4,,,5,2,1,3,3,3,2,3,,,,,,,,,Dapibus ullamcorper! Sed? Purus lectus eleifend. Diam aliquam blandit lectus natoque sollicitudin sagittis.,1,6,,Interdum sodales nibh sapien culpa? Nulla convallis nibh lorem porta facilisi? Accusamus. Lacus.,"Pharetra dolor eu. Per! Metus. Per elementum sagittis, diam sagittis wisi vitae consectetuer. Magna at.",4,"Gravida eleifend orci tortor, dolorem aliquam augue iaculis praesent! Consequat accusamus nunc.",6,,4
2026-06-23 11:57:14,2026-06-23 11:57:14,2,,100,0,1,2026-06-23 11:57:14,R_5gywO2KJT4r8p8y,,,,,,,test,,5,,,5,1,3,2,1,3,3,3,,,,,,,,,Malesuada ante? Non tortor cursus ridiculus elit montes. Eros egestas aenean.,3,5,,"Magnis mauris ab nonummy laoreet donec nullam diam sit, diam aliquet.",Faucibus euismod dolorem nullam aliquam. Praesent mauris vitae proin scelerisque. Magnis.,2,,1,,1
2026-06-23 11:57:14,2026-06-23 11:57:14,2,,100,0,1,2026-06-23 11:57:15,R_djvt6MztXGzXioS,,,,,,,test,,4,,,,,,,,,,,2,2,1,3,1,1,2,1,Tincidunt vitae dapibus suspendisse. Donec. Fusce molestie commodo metus ut gravida fringilla ab rhoncus. Porttitor.,2,5,,Tempor posuere vitae blandit. Suspendisse viverra morbi. Dolor molestie sapien dignissim.,Turpis nec magnis sapien. Vestibulum! Suscipit venenatis ligula nec eros aliquet urna aliquet orci.,3,,4,,1
2026-06-23 11:57:15,2026-06-23 11:57:15,2,,100,0,1,2026-06-23 11:57:15,R_1Xs52OlD6EBpuaW,,,,,,,test,,5,,,3,1,2,1,2,3,1,2,,,,,,,,,Cursus! Pharetra egestas arcu fermentum? Faucibus magnis massa. Vestibulum nunc.,3,1,,Justo faucibus commodo ullamcorper ultrices elementum magnis. Odio blandit aliquam! Diam! Cursus. Aenean enim ultrices.,Donec sapien ultricies! Wisi ante! Cursus tempora odio sapien malesuada.,1,,3,,1
2026-06-23 11:57:15,2026-06-23 11:57:15,2,,100,0,1,2026-06-23 11:57:15,R_8q3uqQhF0QaMpts,,,,,,,test,,4,,,,,,,,,,,2,3,1,3,1,1,2,3,Magna. Aliquam ipsum aliquam at orci proin justo malesuada auctor potenti justo.,2,1,,"Rhoncus atque mattis etiam, dolorem tempor. Odio? Diam leo. Ac laoreet suspendisse urna. Risus interdum.",Suscipit magnis at quam erat commodo? Sem nullam duis in.,3,,1,,3
2026-06-23 11:57:15,2026-06-23 11:57:15,2,,100,0,1,2026-06-23 11:57:16,R_a5cXdqlVovPKEzI,,,,,,,test,,4,,,2,2,2,2,3,3,3,3,,,,,,,,,"Potenti turpis tellus magna potenti. Venenatis fermentum? Eleifend, euismod sem facilisi mattis.",1,7,"Nec culpa tellus curabitur nulla facilisi elementum malesuada ultricies sem, consectetuer suscipit sollicitudin.",Proin? Nec porta. Quam lorem volutpat sodales praesent lorem est eu odio imperdiet! Donec ultricies.,"Ridiculus duis elementum dictumst viverra nibh sapien? Eget, sit in cursus augue montes elit.",3,,5,,2
2026-06-23 11:57:16,2026-06-23 11:57:16,2,,100,0,1,2026-06-23 11:57:16,R_1N6KOFeEBGI86cC,,,,,,,test,,5,,,,,,,,,,,2,2,3,3,3,1,1,1,Elit fringilla. Tempora dolorem sem per dictumst faucibus sit gravida proin posuere.,3,3,,"Suspendisse vel dapibus convallis odio tincidunt facilisis. At, convallis non. Vestibulum? Leo leo cursus. Elementum.","Duis dui, montes dolorem? Diam aenean fusce felis ac, tortor elementum facilisi rhoncus lectus nonummy.",2,,6,,3
2026-06-23 11:57:16,2026-06-23 11:57:16,2,,100,0,1,2026-06-23 11:57:16,R_bdpuiug4fvEF2ey,,,,,,,test,,4,,,3,2,3,1,3,2,2,2,,,,,,,,,"Non. Eget mattis massa pede. Faucibus, massa praesent eu quam aliquet nonummy.",3,5,,Mattis blandit wisi massa? Mattis curabitur eu vulputate nec dignissim leo curabitur.,Nonummy maecenas odio bibendum platea dictumst atque ligula vulputate tempor fusce platea sem lorem tempus.,3,,6,,3
2026-06-23 11:57:16,2026-06-23 11:57:17,2,,100,1,1,2026-06-23 11:57:17,R_cC6h6nbQuoXKyCG,,,,,,,test,,5,,,,,,,,,,,1,2,2,1,2,2,1,3,Lectus tempor? Erat imperdiet integer odio aliquam orci est vivamus duis integer.,2,2,,Velit diam natoque fermentum. Erat mi. Etiam? Curabitur lacus magna morbi ultrices tellus nec.,Justo ultricies posuere commodo augue ligula blandit fringilla pretium odio nibh! Tellus scelerisque.,3,,3,,1
2026-06-23 11:57:17,2026-06-23 11:57:17,2,,100,0,1,2026-06-23 11:57:17,R_8wf9jIYqXeQ1FnU,,,,,,,test,,5,,,2,3,3,1,1,3,1,1,,,,,,,,,Tempus magna! Eu risus! Ab culpa viverra ullamcorper velit potenti ultricies.,3,1,,Id suspendisse! Maecenas montes iaculis fusce neque euismod velit accumsan imperdiet rutrum potenti praesent et.,"Convallis a. Fringilla porta sagittis. Orci porta tellus ac vitae pretium, elementum a.",4,"Curabitur tempus nullam mauris et. Primis porta volutpat wisi, tempus bibendum aliquet enim.",2,,4
2026-06-23 11:57:17,2026-06-23 11:57:17,2,,100,0,1,2026-06-23 11:57:17,R_0BsWyALfi4jjFZA,,,,,,,test,,5,,,,,,,,,,,3,3,1,3,2,1,1,1,Aenean nonummy nunc venenatis mattis. Per facilisis nonummy vitae purus erat platea.,1,2,,Eleifend dictumst. Montes aliquet nunc sed rutrum lorem. Dignissim consectetuer? Porta.,Quis magna vel fringilla sagittis dictumst euismod mattis pede sagittis ac suspendisse tempor diam.,1,,5,,3
2026-06-23 11:57:18,2026-06-23 11:57:18,2,,100,0,1,2026-06-23 11:57:18,R_9AAcbBFCDvFZyLQ,,,,,,,test,,5,,,,,,,,,,,2,3,2,3,3,2,1,1,"Aliquet fringilla? Aliquam, sodales auctor wisi augue erat molestie in fermentum. Sagittis aliquet! Aliquam ligula.",2,4,,Nibh cursus commodo urna consectetuer erat. Cras tempus mattis morbi? Commodo justo? Accumsan vestibulum potenti.,"Dolor facilisis duis nec luctus. Curabitur phasellus praesent nullam mauris eu natoque, potenti? Arcu.",3,,5,,4
2026-06-23 11:57:18,2026-06-23 11:57:18,2,,100,0,1,2026-06-23 11:57:18,R_3eKISsD1QsPz5mC,,,,,,,test,,4,,,2,1,1,2,2,2,2,3,,,,,,,,,"Blandit? Pede justo! Quam, facilisis, potenti eget? Metus primis imperdiet turpis massa? Eleifend fermentum.",3,5,,Potenti primis primis dolor. Wisi. Tellus sit sodales duis pede iaculis sagittis ligula! Lacus.,Mauris a cras rutrum cursus porta? Amet sit integer mattis interdum. Sed.,1,,1,,4
2026-06-23 11:57:18,2026-06-23 11:57:18,2,,100,0,1,2026-06-23 11:57:19,R_6VAOqXP2E8OYzfU,,,,,,,test,,5,,,5,1,1,1,3,2,1,1,,,,,,,,,Elementum per scelerisque urna. Pretium. Nulla vestibulum egestas a eros vehicula. Primis.,1,7,Bibendum aliquam justo per vitae faucibus! Molestie! Vulputate. Felis quam dolor dictumst! Sodales dolorem.,Tempora est. Luctus? Proin convallis etiam magna pretium ultricies tempora urna nec.,Aliquet sollicitudin mi orci. Atque ullamcorper consequat lacus nonummy nibh.,2,,4,,3
2026-06-23 11:57:19,2026-06-23 11:57:19,2,,100,0,1,2026-06-23 11:57:19,R_9XCJ8TMZiLY50J8,,,,,,,test,,5,,,,,,,,,,,1,2,2,3,2,1,2,3,"Quis iaculis volutpat, dolorem nec dolorem dolorem lorem dolorem purus.",2,1,,"Dolor viverra pharetra auctor nunc felis! Proin ab, purus tempora, imperdiet fringilla! Sollicitudin in.","Pede tempor. Suspendisse nullam. Facilisi! Sodales est per. Imperdiet, ridiculus ut! Quam tempor ultricies! Etiam.",4,Magnis scelerisque porta. Culpa volutpat convallis. Nulla tortor velit? Nonummy proin sed consequat.,1,,2
2026-06-23 11:57:19,2026-06-23 11:57:19,2,,100,0,1,2026-06-23 11:57:19,R_9z69OnFhu1oParI,,,,,,,test,,5,,,,,,,,,,,1,2,3,2,1,2,3,3,"Dui egestas rutrum praesent facilisi a platea ut, donec tempora.",2,6,,Erat elit ac viverra neque per! Volutpat luctus. Iaculis leo temporibus vel. Posuere interdum iaculis.,Leo mattis tortor metus tellus cursus dui rutrum? Elementum auctor. Auctor.,3,,1,,3
2026-06-23 11:57:19,2026-06-23 11:57:20,2,,100,1,1,2026-06-23 11:57:20,R_4IOGCf9esrlBcQm,,,,,,,test,,4,,,5,2,3,2,1,1,3,2,,,,,,,,,"Leo quam at eu suscipit pellentesque tempus mattis fermentum. Rutrum tempora, wisi.",2,5,,Tempus fusce facilisis porttitor ultricies dolor pretium lacus quis. Mauris.,Pellentesque consectetuer? Eu lectus ut lectus auctor est vitae maecenas.,3,,4,,1
2026-06-23 11:57:20,2026-06-23 11:57:20,2,,100,0,1,2026-06-23 11:57:20,R_bjUDNiDyOqU638q,,,,,,,test,,5,,,2,1,3,1,1,1,3,2,,,,,,,,,Enim! Eleifend mi! Iaculis quam tellus turpis culpa vestibulum scelerisque! Culpa. Enim rutrum.,2,6,,"Dolorem faucibus etiam auctor eget pellentesque morbi facilisi pede, rutrum porttitor.",Augue consectetuer praesent dolor vitae faucibus cras dapibus duis? Sagittis facilisis.,4,"Eu. Facilisi dui convallis auctor duis, luctus, duis wisi magnis felis potenti pretium.",6,,2
2026-06-23 11:57:20,2026-06-23 11:57:20,2,,100,0,1,2026-06-23 11:57:21,R_b3I5hQDsCNgRqHs,,,,,,,test,,4,,,,,,,,,,,1,3,3,2,3,3,1,2,Imperdiet vel viverra ut risus ac ligula laoreet pellentesque potenti quis.,2,1,,Accusamus aenean. Massa tempor ullamcorper? Sagittis curabitur? Bibendum mattis leo atque.,Est ultricies sollicitudin potenti venenatis donec fringilla! Duis convallis facilisi! Purus. Maecenas non dictumst elementum.,2,,5,,2
2026-06-23 11:57:21,2026-06-23 11:57:21,2,,100,0,1,2026-06-23 11:57:21,R_4M94zEWkIhTwuVg,,,,,,,test,,4,,,,,,,,,,,3,1,1,3,3,1,3,3,Aliquet temporibus aliquet porta duis lacus eleifend lorem a! Velit dignissim mi.,2,4,,Magnis volutpat sem primis dignissim felis pede proin lacus. Sed vitae per.,"Atque, mattis. Sollicitudin consectetuer ullamcorper ut, blandit venenatis sollicitudin euismod.",3,,1,,1
2026-06-23 11:57:21,2026-06-23 11:57:21,2,,100,0,1,2026-06-23 11:57:21,R_1AHcIt8TTb6SjIy,,,,,,,test,,4,,,3,2,3,3,2,2,3,3,,,,,,,,,"Non pellentesque cursus, ipsum curabitur cras magnis, sagittis. Rutrum eget tellus integer wisi.",1,2,,"Platea. Lectus odio imperdiet. Facilisi! Consequat! Tempora, montes pretium non nunc ridiculus nulla.",Arcu lectus wisi ipsum sem vivamus bibendum maecenas eros! Volutpat ultricies. Donec convallis purus atque.,1,,2,,1
2026-06-23 11:57:22,2026-06-23 11:57:22,2,,100,0,1,2026-06-23 11:57:22,R_eA41j2kL32PbaQe,,,,,,,test,,4,,,3,2,1,3,2,1,1,2,,,,,,,,,"Ultricies tincidunt phasellus, natoque quam. Orci quam enim! Pharetra! Vestibulum culpa. Orci velit vehicula.",1,5,,Vel? Fusce massa nulla luctus wisi commodo non ultricies at euismod vestibulum sagittis.,Viverra ab velit ultrices. Morbi platea sollicitudin porta! Tempora sed.,2,,3,,3
2026-06-23 11:57:22,2026-06-23 11:57:22,2,,100,0,1,2026-06-23 11:57:22,R_9B3SnVmuzl89JDE,,,,,,,test,,4,,,,,,,,,,,2,1,2,2,2,3,2,2,Amet leo sit urna nonummy aliquam ab accumsan duis. Proin? Fermentum dui atque curabitur porta.,2,2,,"Aenean euismod in vulputate porta pede. Ipsum, nullam imperdiet potenti est.","Ultrices. Molestie, dolorem non iaculis mi atque, laoreet mi imperdiet, consectetuer mi fringilla culpa.",4,Tempus est purus gravida! Eleifend pretium temporibus dolorem aliquet. Facilisi eu.,2,,4
2026-06-23 11:57:22,2026-06-23 11:57:22,2,,100,0,1,2026-06-23 11:57:22,R_4ORuf3T0V5nHGlM,,,,,,,test,,4,,,,,,,,,,,3,1,3,3,1,1,1,2,"Tempus etiam, blandit proin. Aliquam integer. Temporibus in cursus curabitur! Euismod! Molestie scelerisque tortor fringilla.",3,2,,Diam non dui ipsum donec sollicitudin lacus convallis. Velit iaculis.,"Dignissim ab? Pellentesque interdum aliquet ligula? Vel pretium scelerisque, convallis facilisi. Per convallis at.",1,,6,,3
2026-06-23 11:57:23,2026-06-23 11:57:23,2,,100,0,1,2026-06-23 11:57:23,R_bkdI00EBSnvN54i,,,,,,,test,,5,,,2,1,3,3,2,3,1,3,,,,,,,,,"Vehicula turpis? Ultrices porta, orci! Accusamus facilisis vehicula in nonummy mi! Amet.",2,4,,Vel nonummy laoreet venenatis dolorem velit fermentum. Suspendisse enim. Eros.,"Gravida, massa fermentum. Dui? Dolor non neque accusamus nonummy vitae integer enim scelerisque.",4,Pharetra ut tempor elementum rhoncus. Ligula. Dolor velit eget est.,4,,2
2026-06-23 11:57:23,2026-06-23 11:57:23,2,,100,0,1,2026-06-23 11:57:23,R_2fBtHwMkKSHUfIi,,,,,,,test,,4,,,5,1,1,3,3,3,1,1,,,,,,,,,Nulla nullam. Nulla tempor vel fringilla vulputate tempor neque a eu? Aliquet dui! Dignissim sit.,1,4,,Justo? Consequat imperdiet suspendisse magnis enim sollicitudin metus augue. Nulla culpa ultricies integer.,"Sem wisi non quis mauris, metus? Eros rhoncus vivamus convallis a.",4,Morbi sed suspendisse curabitur diam dui pede erat fusce! Pretium lacus dui iaculis.,2,,1
2026-06-23 11:57:23,2026-06-23 11:57:24,2,,100,1,1,2026-06-23 11:57:24,R_410pswzbNo9yfps,,,,,,,test,,4,,,,,,,,,,,3,2,1,2,1,3,3,1,Ac mi natoque. Eu molestie nibh. Ultricies sagittis ab accusamus vulputate.,2,1,,"Potenti ab fringilla gravida vel. Scelerisque magnis, mi venenatis malesuada erat arcu magna donec.",Leo. Aliquet euismod montes eu posuere odio neque risus convallis.,2,,3,,4
2026-06-23 11:57:24,2026-06-23 11:57:24,2,,100,0,1,2026-06-23 11:57:24,R_2tLxmfSFF9MGHUq,,,,,,,test,,5,,,,,,,,,,,1,3,2,3,1,1,2,1,Culpa primis. Laoreet sed fusce purus dignissim. Elit? Ligula gravida platea metus.,3,5,,Arcu sodales tempora. Ultricies. Sodales amet porttitor. Metus phasellus at leo imperdiet praesent leo ac.,Tortor sit cras primis sem! Porta sollicitudin tempor felis maecenas tempus eros accumsan venenatis natoque.,3,,1,,1
2026-06-23 11:57:25,2026-06-23 11:57:25,2,,100,0,1,2026-06-23 11:57:25,R_6PuzpkOyNLM2CA6,,,,,,,test,,5,,,2,2,2,1,2,2,3,2,,,,,,,,,"Velit phasellus duis dictumst, rutrum? Odio turpis dolor magna atque fermentum imperdiet nonummy.",3,1,,"Erat ridiculus ligula. Ab donec sodales mauris porta auctor, elementum? Odio.",Malesuada. Lacus pellentesque facilisis natoque posuere praesent accusamus consequat lorem bibendum.,1,,6,,3
2026-06-23 11:57:25,2026-06-23 11:57:25,2,,100,0,1,2026-06-23 11:57:25,R_9ZHuOwJRiiovpFc,,,,,,,test,,4,,,,,,,,,,,1,3,3,1,3,3,1,2,Cras per. Suspendisse nulla. Duis? Laoreet consectetuer fusce. Tortor aliquet sagittis consectetuer scelerisque.,3,7,Velit tempora. Temporibus mi! Placerat cursus vulputate dignissim consequat est nibh phasellus? Justo.,Vulputate tempora amet aenean lacus fusce praesent auctor elit. Temporibus bibendum? Metus viverra dolorem venenatis.,Primis! Luctus nunc sollicitudin justo montes culpa nec! Id amet curabitur tempora.,2,,4,,1
2026-06-23 11:57:26,2026-06-23 11:57:26,2,,100,0,1,2026-06-23 11:57:26,R_7X9N7ClkEd4EDf8,,,,,,,test,,4,,,3,1,1,3,1,1,3,1,,,,,,,,,"Montes, pede! Atque iaculis metus luctus phasellus natoque convallis aliquet.",2,6,,"Ac sed. Pede montes quam. Proin, eros scelerisque! Sodales dapibus wisi? Arcu. Sit luctus atque.",Luctus ac neque est augue laoreet. Luctus turpis culpa porta turpis? Vivamus.,2,,1,,4
2026-06-23 11:57:26,2026-06-23 11:57:26,2,,100,0,1,2026-06-23 11:57:26,R_5tCeAcQZsaf9I0e,,,,,,,test,,5,,,,,,,,,,,1,1,2,1,1,3,1,1,Primis a tortor montes sed temporibus faucibus sit a magna cras.,2,5,,Egestas fringilla dolor. Sagittis atque donec tortor wisi primis tempora pretium augue! Dapibus.,Dolor massa consectetuer vulputate tortor mi euismod est accusamus ac.,4,"Mattis natoque vitae curabitur. Volutpat ligula dapibus purus vivamus leo, rhoncus primis, aliquam morbi laoreet.",1,,2
2026-06-23 11:57:26,2026-06-23 11:57:26,2,,100,0,1,2026-06-23 11:57:27,R_bEkvP7ZfduW1Jqe,,,,,,,test,,5,,,5,2,3,1,3,3,2,2,,,,,,,,,"Integer duis faucibus leo rutrum risus, nunc vulputate. Proin atque fusce? Nec neque velit! Nullam.",3,5,,"Risus non. Suscipit! Platea, eleifend nec leo platea non eleifend? Faucibus ligula.",Non fringilla nonummy convallis morbi? Vehicula arcu lectus! Sodales blandit placerat etiam in facilisi massa.,2,,3,,3
2026-06-23 11:57:27,2026-06-23 11:57:27,2,,100,0,1,2026-06-23 11:57:27,R_dnjJUamHq6c2NJc,,,,,,,test,,5,,,3,1,3,2,3,2,2,2,,,,,,,,,Lacus nonummy? Egestas nunc felis curabitur quam porttitor diam scelerisque. Sodales.,1,3,,Ac eu pharetra aliquam vulputate aliquet! Rutrum felis ut suscipit vestibulum et.,"Cras! Nibh phasellus pharetra ante laoreet venenatis proin, neque consectetuer etiam.",3,,3,,2
2026-06-23 11:57:27,2026-06-23 11:57:27,2,,100,0,1,2026-06-23 11:57:27,R_e2qo8isxafcaUxU,,,,,,,test,,5,,,,,,,,,,,1,3,3,3,1,1,1,2,"Lacus. Wisi. Vestibulum ullamcorper facilisis ut duis vehicula dignissim risus, pharetra pretium urna.",1,7,Mauris aliquam. Placerat nibh accumsan. Nec eros bibendum. Natoque tempora etiam tempor commodo fusce.,"Purus ultricies scelerisque vitae montes commodo. Purus interdum, neque blandit etiam ligula tincidunt? Praesent luctus.",Consequat magna nec imperdiet ultrices quis felis. Ullamcorper nibh pede? Convallis dui.,4,Ac nonummy! Iaculis wisi iaculis suscipit sit? Nonummy proin arcu iaculis. Dignissim dapibus? Molestie risus.,1,,3
2026-06-23 11:57:28,2026-06-23 11:57:28,2,,100,0,1,2026-06-23 11:57:28,R_bgbtZcqMhEW1YbQ,,,,,,,test,,4,,,5,2,1,1,2,2,2,1,,,,,,,,,Tellus? Risus turpis sed. Interdum accusamus dolor phasellus eu ullamcorper per! Per rutrum.,3,4,,Arcu tellus neque. Temporibus eu. Nonummy elit? Aliquet. Ut nunc tortor.,"Urna platea duis amet justo mattis facilisis! Sit integer dictumst montes, metus suspendisse ut.",1,,2,,3
2026-06-23 11:57:28,2026-06-23 11:57:28,2,,100,0,1,2026-06-23 11:57:28,R_8GNYHSSN3ZEbY3Q,,,,,,,test,,5,,,,,,,,,,,3,2,3,3,3,1,1,2,Atque vestibulum? Risus vehicula amet vehicula sollicitudin euismod volutpat magna! Cursus. Et.,1,2,,Ligula. Pede integer integer ac ridiculus. Quam proin lectus. Odio nunc vel? Sodales.,Pellentesque temporibus. Ultrices sem? Lectus venenatis duis erat? Aenean vel phasellus posuere culpa rutrum.,3,,6,,2
2026-06-23 11:57:28,2026-06-23 11:57:29,2,,100,1,1,2026-06-23 11:57:29,R_3CrGpwQSmijoOOi,,,,,,,test,,4,,,,,,,,,,,2,3,2,3,1,2,2,1,Erat cras convallis duis nunc ultrices consectetuer dapibus augue orci est enim? Aliquam.,1,6,,Phasellus pede malesuada consequat fusce ultrices dictumst justo sagittis suspendisse proin sapien.,Maecenas! Dapibus? Volutpat? Venenatis rhoncus augue velit neque? Porta praesent eleifend erat.,2,,3,,2
2026-06-23 11:57:29,2026-06-23 11:57:29,2,,100,0,1,2026-06-23 11:57:29,R_0fATL016kCCjYDY,,,,,,,test,,4,,,3,1,3,1,3,3,1,1,,,,,,,,,"Platea sit temporibus auctor ab rutrum eros fermentum. Dapibus sodales tortor nulla? Euismod? Dictumst, nec.",3,5,,Rutrum. Ab posuere gravida at platea curabitur facilisis. Laoreet lectus.,"Rutrum ante nunc, facilisi massa mattis urna vel magna proin non? Convallis.",3,,4,,4
2026-06-23 11:57:29,2026-06-23 11:57:29,2,,100,0,1,2026-06-23 11:57:29,R_3lSjWahKYweDbAq,,,,,,,test,,4,,,,,,,,,,,1,2,1,1,3,3,2,3,Placerat. Quam ligula natoque non? Facilisi aliquam nulla interdum nullam ante eros tempus atque dignissim.,3,6,,"Enim, velit ligula quam aliquam ipsum lacus nec consectetuer montes donec.",Ipsum natoque luctus accusamus vulputate vestibulum lorem id nunc sit.,3,,3,,2
2026-06-23 11:57:29,2026-06-23 11:57:30,2,,100,1,1,2026-06-23 11:57:30,R_bvlUffLYCf1MOMe,,,,,,,test,,4,,,3,1,3,1,2,1,2,2,,,,,,,,,Maecenas facilisi metus elit accusamus proin temporibus iaculis ante porta aliquet vehicula. Dui.,2,4,,Vivamus maecenas augue eu? Bibendum integer. Et vel vitae enim dictumst. Sem interdum.,"Orci natoque. Est, aliquet porttitor eget, cras luctus dapibus justo vehicula.",1,,7,At mi justo curabitur per pede primis fermentum convallis morbi scelerisque porta.,2
2026-06-23 11:57:30,2026-06-23 11:57:30,2,,100,0,1,2026-06-23 11:57:30,R_5gS6ZsfdgRunguq,,,,,,,test,,5,,,3,2,1,1,1,2,3,3,,,,,,,,,"Sem, mi vel. Pellentesque pellentesque etiam mi rutrum commodo justo dapibus posuere elit.",1,7,"Laoreet, tortor? Curabitur pharetra, fringilla eros wisi sapien ridiculus sollicitudin cras ultricies at accumsan.",Maecenas? Culpa natoque accumsan odio diam iaculis cursus! Tempus lacus viverra augue.,"Scelerisque porttitor, fringilla praesent facilisi natoque mattis vehicula integer? Ac. Nibh vehicula? Phasellus ante.",3,,3,,1
2026-06-23 11:57:30,2026-06-23 11:57:30,2,,100,0,1,2026-06-23 11:57:30,R_5gmzxjLPQfBdHH8,,,,,,,test,,4,,,,,,,,,,,1,3,1,3,3,2,2,3,Porttitor leo. Ante morbi ab accusamus magna dignissim suscipit? Egestas leo ultrices per consequat.,1,7,Magna mattis nullam facilisi rhoncus facilisis sit tortor nunc eleifend nunc auctor.,Vivamus eleifend dolorem nonummy facilisi nunc? Pretium dictumst culpa erat! Malesuada lorem suscipit.,Ab ac bibendum mattis dolor vitae cras quam. Metus aliquam.,3,,1,,4
2026-06-23 11:57:31,2026-06-23 11:57:31,2,,100,0,1,2026-06-23 11:57:31,R_bKKy5SzDKkyIJIa,,,,,,,test,,4,,,2,1,1,2,3,1,2,1,,,,,,,,,Neque proin justo cursus sollicitudin duis nunc. Duis eros culpa eget lacus. Suspendisse.,2,4,,"Ridiculus. Lorem vehicula vulputate bibendum volutpat fermentum amet, wisi platea.",Ipsum venenatis felis? A mattis. Magnis ipsum consectetuer? Ullamcorper justo.,4,"Dignissim rutrum sapien integer volutpat duis mauris porttitor. Ridiculus, justo ut fringilla sagittis.",6,,2
2026-06-23 11:57:31,2026-06-23 11:57:31,2,,100,0,1,2026-06-23 11:57:31,R_9Ww1MZ448R0uKz4,,,,,,,test,,5,,,,,,,,,,,3,2,1,2,1,2,1,1,Tempora vitae? Lacus tempor! Sed potenti metus? Dui integer porttitor tincidunt? Mi aliquam lorem.,1,2,,Non interdum velit. Felis magnis elementum commodo pharetra phasellus vestibulum aliquam justo. Venenatis.,"Eget! Cursus massa vitae, nibh morbi praesent per morbi tempora! Rutrum, nullam.",4,Ullamcorper? In augue donec! Sit dolorem nunc dolorem purus eget mauris quis purus suscipit.,1,,1
2026-06-23 11:57:31,2026-06-23 11:57:31,2,,100,0,1,2026-06-23 11:57:32,R_07zYuZKdeBQ2TxY,,,,,,,test,,4,,,,,,,,,,,3,2,1,3,3,2,3,2,Cras tempora. Imperdiet ac vitae? Consectetuer faucibus lorem. Tortor bibendum.,3,2,,Ante velit. Natoque elit arcu metus ultrices pede primis laoreet lectus in nibh. Et.,"Natoque. Sem etiam porttitor, lorem sodales sollicitudin per dolorem felis commodo fusce maecenas eleifend aliquam.",2,,2,,4
2026-06-23 11:57:32,2026-06-23 11:57:32,2,,100,0,1,2026-06-23 11:57:32,R_0oEMpIkcn4F64No,,,,,,,test,,4,,,2,2,1,3,3,1,3,3,,,,,,,,,Morbi. Suscipit elit vestibulum gravida integer etiam duis platea eleifend lorem.,3,1,,Lacus faucibus aenean dolorem tempor accusamus ab amet malesuada natoque mattis.,Vestibulum accumsan ligula sodales ab. Felis? Pede sem. Pharetra tortor! Ullamcorper scelerisque elementum dapibus.,1,,6,,1
2026-07-06 20:00:58,2026-07-06 20:22:25,1,,100,1287,1,2026-07-06 20:22:25,R_6zpR0Y6G2SDnMr2,,,,,21.3133,-157.823,preview,EN,5,,,,,,,,,,,2,2,3,3,2,2,2,3,18,1,1,,1,1,2,,3,,1
2026-07-08 12:42:11,2026-07-08 13:11:57,1,,100,1785,1,2026-07-08 13:11:57,R_6eXBiUYQMYrdEOn,,,,,21.3982,-158.0156,preview,EN,5,,,,,,,,,,,1,2,3,3,2,2,2,2,28,2,6,,0,0,4,do not own or rent,,,
2026-07-09 15:56:22,2026-07-09 16:34:54,1,,100,2312,1,2026-07-09 16:34:55,R_6paJQLxSWoSSdiR,,,,,44.7314,-123.9088,preview,EN,5,200,200,,,,,,,,,,,2,2,3,2,3,3,,,,,,,,,,,3
2026-07-09 15:35:06,2026-07-09 16:35:02,1,,100,3595,1,2026-07-09 16:35:03,R_6V8ujgvNXS91eAe,,,,,21.324,-157.8102,preview,EN,5,,,2,3,3,3,3,3,3,3,,,,,,,,,,,,,,,,,,,
2026-07-13 10:22:29,2026-07-13 11:04:45,1,,100,2536,1,2026-07-13 11:04:46,R_6d8bHoABmeO14Od,,,,,21.3266,-157.8621,preview,EN,5,25,112g,2,2,3,3,2,3,3,2,,,,,,,,,30,2,6,,0,0,4,na,7,school,1
2026-07-15 13:30:53,2026-07-15 13:30:54,2,,100,1,1,2026-07-15 13:30:54,R_bCToCPafeaX2kB0,,,,,,,test,,4,Cursus etiam venenatis sodales rutrum suspendisse! Turpis! Dapibus dolorem dapibus proin.,Blandit platea morbi risus metus. Mi sem imperdiet vel purus ultricies.,,,,,,,,,1,3,3,3,1,1,2,2,"Suscipit cras rhoncus rutrum primis tortor etiam integer a! Fringilla purus, egestas temporibus.",1,1,,Diam cras tempus lacus. Mi cursus. Felis. Ut magna wisi nibh tortor ut pede.,Morbi bibendum quis placerat purus enim egestas aliquet justo. Pellentesque justo.,2,,7,"Fringilla. Eu imperdiet purus, sed leo quam, laoreet accumsan ut temporibus convallis ab.",3
2026-07-15 13:30:54,2026-07-15 13:30:54,2,,100,0,1,2026-07-15 13:30:54,R_ezgRx8HjYwQtylM,,,,,,,test,,4,Nulla tempora! Dui fermentum. Ligula viverra auctor malesuada! Culpa est orci vivamus amet.,"Accusamus? Porttitor eu cras etiam phasellus ullamcorper, scelerisque tempor tortor consequat massa.",,,,,,,,,3,1,2,3,3,2,2,3,"Facilisis velit! Cursus gravida per, risus velit ante, sodales pellentesque atque gravida per primis.",2,6,,"Aliquet! Atque convallis orci non? Culpa metus a porttitor, sodales mattis fusce. Ut.",Iaculis. Tortor interdum velit non. Dui tortor temporibus suspendisse amet ipsum amet.,3,,2,,2
2026-07-15 13:30:54,2026-07-15 13:30:55,2,,100,1,1,2026-07-15 13:30:55,R_enG6Yn41Jke6Oou,,,,,,,test,,5,Commodo dui bibendum pede iaculis. Mauris malesuada facilisis. Tempor? Rhoncus fusce tellus nonummy vivamus.,Donec eu natoque massa curabitur curabitur id? Tempora odio? Metus.,6,2,3,2,2,3,2,2,,,,,,,,,Laoreet arcu eleifend fusce lacus nulla. Consequat velit aliquet? At.,1,1,,"Bibendum! Fermentum quam gravida amet pellentesque tempus nunc dui venenatis, ipsum! Sapien facilisis. Est.","Fringilla. Nulla rutrum vehicula. Aliquet. Eu interdum! Elementum. Sodales aenean, atque per nibh. Dolorem.",2,,2,,3
2026-07-15 13:30:55,2026-07-15 13:30:55,2,,100,0,1,2026-07-15 13:30:55,R_emw649yTmgAjXRY,,,,,,,test,,4,Pede blandit ligula. Montes. Laoreet volutpat vel accusamus euismod. Arcu nullam tempus.,Pretium molestie augue ultricies mi at arcu interdum. Suscipit cras ullamcorper lectus blandit tempor magna.,,,,,,,,,2,2,1,2,1,3,1,2,Sagittis ultrices? Dolorem fringilla porttitor. Nec? Rutrum. Mi. Luctus accumsan.,2,7,"Luctus vehicula velit phasellus commodo, accumsan iaculis atque sodales! Ut malesuada pede risus laoreet mi.",Porta sem pede consectetuer. Dapibus duis. Venenatis elit wisi eros vivamus fusce vehicula justo. Nullam.,"Primis pellentesque dapibus interdum! Massa ipsum turpis eu rhoncus neque, nunc porta ipsum duis.",2,,1,,2
2026-07-15 13:30:55,2026-07-15 13:30:55,2,,100,0,1,2026-07-15 13:30:55,R_4ZyOHml6AhHhD8i,,,,,,,test,,4,Elit mauris praesent primis sem vehicula enim lacus sit rutrum.,"Molestie scelerisque tempor, eget. Porttitor ultrices porttitor sollicitudin eleifend pede viverra temporibus.",2,3,3,1,3,1,1,3,,,,,,,,,Lectus leo tempor ab eu leo convallis porttitor! Metus massa vivamus pellentesque ridiculus.,3,1,,"Convallis nullam? Morbi morbi sem at. Urna praesent, bibendum? Maecenas non. Urna pharetra.",Praesent elementum tincidunt pretium dolor. Vestibulum. Non metus laoreet temporibus phasellus venenatis.,2,,4,,4
2026-07-15 13:30:55,2026-07-15 13:30:56,2,,100,1,1,2026-07-15 13:30:56,R_3QKX6iXx8H2RJm6,,,,,,,test,,5,"Cursus. Sed dapibus montes velit commodo ac auctor fringilla, magna facilisi rutrum.","Imperdiet, suscipit est! Temporibus lacus accumsan luctus eleifend ante orci donec. Platea ullamcorper luctus.",2,2,1,1,2,1,3,1,,,,,,,,,Lorem? Lectus. Tempor sit vehicula turpis. Primis euismod fringilla donec elit.,3,6,,"In, fermentum id orci erat leo! Montes suscipit. Convallis consectetuer odio malesuada eget tortor.",Gravida? Ipsum atque platea ab risus pellentesque. Accumsan tincidunt. Fusce venenatis auctor.,2,,5,,3
2026-07-15 13:30:56,2026-07-15 13:30:56,2,,100,0,1,2026-07-15 13:30:56,R_el01lOfuE1PqPDE,,,,,,,test,,5,Erat ullamcorper? Volutpat blandit blandit natoque risus temporibus posuere placerat urna? Euismod luctus augue pede.,"Morbi sapien praesent! Auctor mauris, dolor sagittis eleifend iaculis porta wisi.",,,,,,,,,3,1,1,1,2,3,1,3,"Dui felis, sit etiam. Platea. Vivamus pharetra tempor ac? Placerat. Ab.",1,7,Vestibulum ultrices praesent est vulputate euismod. Donec nibh ac vulputate vestibulum sollicitudin porta sollicitudin.,"Pellentesque. Accusamus! Sapien dolor elit, fermentum. Velit pharetra porta nullam.",Et gravida ultricies rutrum lacus luctus! Facilisis nunc! Lectus montes. Dolor ligula. Fermentum.,4,Ac sed potenti tellus? Odio eu. Montes aenean! Turpis! Dolor.,1,,2
2026-07-15 13:30:56,2026-07-15 13:30:56,2,,100,0,1,2026-07-15 13:30:56,R_4Gi0HuXtD0GuUIK,,,,,,,test,,4,Etiam dolorem faucibus mi dapibus. A mattis sem egestas vulputate.,Arcu at sapien eget per metus egestas lorem magna aliquam.,6,1,2,2,3,1,1,3,,,,,,,,,Platea consequat. Pellentesque pretium fermentum euismod a ipsum luctus orci tellus ante.,1,2,,"Vehicula accusamus dui, laoreet, quis tempor eget dolorem dignissim gravida tempus. Ullamcorper nullam.",Elementum malesuada ante per ultrices urna aliquam pellentesque eleifend laoreet consequat vel! Luctus! Aliquet. Vehicula.,2,,5,,2
2026-07-15 13:30:56,2026-07-15 13:30:56,2,,100,0,1,2026-07-15 13:30:57,R_bDDTi6QsVYwt578,,,,,,,test,,5,Iaculis! Commodo dui nec vulputate laoreet accumsan quis sem. Fermentum? Lectus.,Tortor culpa erat per cursus. Fringilla eu dolorem. Viverra tellus! Sodales duis donec.,,,,,,,,,1,1,2,1,3,1,2,1,"Aliquam diam gravida? Faucibus ultrices iaculis viverra, aenean posuere aenean dui dignissim vulputate integer.",3,2,,Nunc atque lectus accusamus nulla cras? Metus volutpat justo sed odio.,Nulla. Elit. Id mi sem ultrices consectetuer maecenas? Pretium rutrum tortor tempus ut.,3,,4,,2
2026-07-15 13:30:57,2026-07-15 13:30:57,2,,100,0,1,2026-07-15 13:30:57,R_0jHparu0J9Cb0PA,,,,,,,test,,4,Nec aliquet? Orci consectetuer lorem in tempora proin mauris dolor mattis.,Ab. Cras nonummy praesent id scelerisque nullam curabitur pretium pretium porttitor neque. Non.,,,,,,,,,2,3,2,3,1,2,1,2,"A. Blandit, blandit. Ante sem fringilla tincidunt, fringilla? Velit curabitur luctus. Fringilla. Elit neque.",3,4,,Leo tincidunt! Ultricies eros? Accusamus. In. Dictumst quam consectetuer. Velit. Nulla temporibus.,"Eleifend justo, bibendum eu. Rutrum eget vel? Purus wisi a eleifend mi diam nec.",1,,1,,4
2026-07-15 13:30:57,2026-07-15 13:30:57,2,,100,0,1,2026-07-15 13:30:58,R_5AtPekUZI6RjGv4,,,,,,,test,,5,Fringilla consectetuer id tincidunt felis interdum etiam donec sem temporibus mauris? Pharetra.,"Wisi aenean aliquam dui pretium. Nulla nibh accusamus nunc, sed! Aliquet primis pharetra.",2,3,3,2,1,2,3,1,,,,,,,,,Quam sollicitudin! Turpis malesuada blandit tempora suspendisse. Non pellentesque facilisi egestas curabitur eros.,1,2,,"Potenti volutpat magnis sagittis. At. Elit vivamus blandit atque, quam. Eros aliquet dictumst. Scelerisque, sed.","Vehicula. Morbi tincidunt, eleifend bibendum sed eleifend justo accumsan vehicula malesuada proin.",3,,2,,1
2026-07-15 13:30:58,2026-07-15 13:30:58,2,,100,0,1,2026-07-15 13:30:58,R_6Qhhi1vs8bMpVki,,,,,,,test,,5,Primis. Elementum mi augue lectus vitae sapien nulla laoreet tempora porttitor vehicula est montes pellentesque.,"Dapibus luctus tempor dapibus mauris magnis. Purus, integer elit euismod ante in amet suspendisse.",,,,,,,,,3,3,1,3,2,1,1,3,"Pretium vel laoreet vehicula sollicitudin donec tempor sem, natoque mi iaculis urna, phasellus wisi! Rhoncus.",1,2,,Eget. Vel accusamus posuere lorem. Risus est porta lorem ullamcorper pharetra ultrices nulla.,"Luctus mi platea vel tempora arcu praesent eros. Lacus massa vulputate enim, sollicitudin orci sit.",1,,2,,4
2026-07-15 13:30:58,2026-07-15 13:30:58,2,,100,0,1,2026-07-15 13:30:58,R_cvDqrqUYGllL2ke,,,,,,,test,,4,"At pede proin maecenas? Orci nec. Aliquam quam quam, malesuada sem ultrices ullamcorper ridiculus! Eleifend.",Facilisis! Per morbi bibendum pellentesque rhoncus iaculis? Massa dictumst turpis pharetra. Phasellus dolorem.,2,3,2,2,1,3,2,3,,,,,,,,,"Eros laoreet tempor convallis luctus ac primis massa amet placerat, rutrum, dolorem.",3,4,,"Velit! Porttitor lectus nullam, dignissim vivamus lacus. Per mauris nulla.","Justo consequat. Eleifend interdum elit est posuere? Sit suscipit natoque justo tellus quam, facilisi.",1,,3,,1
2026-07-15 13:30:58,2026-07-15 13:30:58,2,,100,0,1,2026-07-15 13:30:59,R_d11nrM5oFR1QGwK,,,,,,,test,,4,"Mi? Vulputate? Proin, arcu primis! Facilisi non metus nunc, ultricies.",Integer integer suscipit neque aliquam consectetuer malesuada tempor. Dictumst. Lorem placerat! Quam felis malesuada.,,,,,,,,,1,2,1,1,3,2,1,2,Vitae nibh porttitor consequat tempus blandit luctus sit accusamus sapien magnis imperdiet! Ipsum.,2,3,,Diam potenti ab volutpat non porttitor bibendum viverra dolorem ac tortor. Laoreet.,Per. Praesent pellentesque! Phasellus natoque natoque per. Sagittis phasellus tellus? Facilisi tempus lorem.,4,"Justo curabitur! Eros, ultricies? Purus! Morbi tempor. Ante rutrum at et dolor.",6,,1
2026-07-15 13:30:59,2026-07-15 13:30:59,2,,100,0,1,2026-07-15 13:30:59,R_5iqmL77r6ftvgPk,,,,,,,test,,5,"Laoreet facilisis! Elementum in wisi? Metus consectetuer ab! Rutrum fermentum, iaculis nunc! Lacus fringilla.",Odio et cursus dignissim interdum vel? Mauris egestas sagittis? Diam wisi facilisis primis.,5,2,2,3,2,2,1,2,,,,,,,,,"Leo urna, pede placerat mattis morbi ridiculus arcu lorem mauris.",2,1,,"Eu a. Aenean volutpat sodales odio a curabitur neque auctor suspendisse placerat, magna! Sagittis urna.",Molestie cras non nonummy et elementum dui dapibus praesent quam tortor.,3,,1,,4
2026-07-15 13:30:59,2026-07-15 13:30:59,2,,100,0,1,2026-07-15 13:30:59,R_ext8KpEeArg8HYi,,,,,,,test,,4,Commodo per luctus pellentesque tincidunt aenean diam et leo magna. Nonummy sed? Vitae. In! Dictumst.,"Blandit, sem ullamcorper duis maecenas. Urna! Quis natoque augue dapibus duis vitae.",,,,,,,,,2,2,1,2,2,1,2,3,Elit. Placerat sagittis vivamus eleifend. Wisi? Tincidunt dignissim massa metus.,1,5,,Velit quis mi nec eleifend primis phasellus blandit eu facilisis.,Suscipit blandit phasellus. Et accumsan! Donec lectus! Integer wisi augue? Per leo? Egestas elit vulputate.,3,,6,,1
2026-07-15 13:31:00,2026-07-15 13:31:00,2,,100,0,1,2026-07-15 13:31:00,R_8IZIoH74xoWvEBE,,,,,,,test,,5,Velit nunc est? Culpa? Praesent morbi volutpat aliquam. Magnis ullamcorper eu.,Fringilla! Velit tortor ac ipsum augue pharetra. Ultricies ullamcorper molestie et vel? Porta dapibus.,5,3,1,1,3,1,3,1,,,,,,,,,Mauris a. Dignissim aenean consectetuer per primis in iaculis felis dapibus ante dolorem lorem.,1,4,,Elit! Scelerisque? Lorem mi pharetra est? Primis! Atque? Turpis! Ab cursus neque.,Aliquam non sem fusce dolor diam! Elit ligula? Sagittis curabitur sed dolor.,1,,5,,1
2026-07-15 13:31:00,2026-07-15 13:31:00,2,,100,0,1,2026-07-15 13:31:00,R_cvF5wOc4y21SO10,,,,,,,test,,5,Id at accusamus. Quis molestie arcu pharetra vitae odio duis justo! Scelerisque euismod. Primis blandit.,Temporibus. Quam lacus blandit a faucibus! Magna mauris suscipit mi scelerisque velit placerat tempor.,,,,,,,,,1,1,3,3,2,1,1,3,Pellentesque cras turpis etiam euismod? Vivamus etiam cursus. At potenti! Interdum atque quam curabitur.,1,1,,Tempora at orci magnis nullam in nibh commodo eleifend metus.,Proin orci imperdiet eu leo tempus malesuada wisi velit dolorem temporibus.,3,,3,,2
2026-07-15 13:31:00,2026-07-15 13:31:00,2,,100,0,1,2026-07-15 13:31:00,R_etUkTTL6n5POgaW,,,,,,,test,,5,"Mattis eu suspendisse platea lorem aliquam, et in ipsum. Primis ac aliquam arcu sollicitudin.","Iaculis elit rhoncus? Vitae non tempor sagittis facilisi, auctor pede ligula.",5,2,2,1,1,2,2,1,,,,,,,,,"Nibh sodales! Potenti tempus posuere lorem, amet lorem faucibus. Nullam.",2,6,,"Ullamcorper lacus laoreet per metus? Natoque. Amet, dictumst porta mattis.",Lectus dignissim montes posuere interdum porta sem temporibus rhoncus proin scelerisque? Bibendum fusce risus.,4,Molestie cras. Facilisi integer eget elit purus. Consectetuer in donec aliquam.,7,"Odio neque fusce nullam tempora per cursus, egestas morbi. Massa est.",1
2026-07-15 13:31:01,2026-07-15 13:31:01,2,,100,0,1,2026-07-15 13:31:01,R_6D06hnoVBRBc26q,,,,,,,test,,5,"Augue fusce dictumst, justo! Tellus faucibus venenatis commodo ab nullam pede.",Sollicitudin rhoncus potenti auctor metus ut vehicula mauris eleifend! Dictumst pede enim atque fermentum.,,,,,,,,,2,3,2,3,1,1,2,3,"Sem aliquet nulla nullam, rutrum justo neque quam nunc! Sapien placerat turpis. Etiam etiam.",2,2,,"Nullam curabitur sit, magna? Nonummy cras nullam donec quam aenean phasellus temporibus, fermentum.",Posuere amet? Iaculis rhoncus ut. Ligula morbi porttitor. Morbi vehicula potenti eget turpis natoque ultrices.,1,,6,,4
2026-07-15 13:31:01,2026-07-15 13:31:01,2,,100,0,1,2026-07-15 13:31:01,R_72s11HDLKAUyAh8,,,,,,,test,,4,"Suscipit risus aliquet. Consequat cras sollicitudin porta elit leo sit proin nulla fusce, id tempora.",In vitae bibendum primis vulputate? Elementum lectus. Potenti tempus pharetra accusamus.,2,2,3,2,2,1,2,1,,,,,,,,,"Tempus duis pretium accusamus rhoncus facilisi sed pede dictumst, tempus. Rhoncus nullam. Dolorem scelerisque orci.",3,6,,Dignissim suspendisse rhoncus ligula! Facilisis pharetra? Nibh aliquam! Sodales integer in pretium est! Ultrices dui.,Vivamus fermentum venenatis sem pellentesque? Interdum elit bibendum volutpat vitae tincidunt natoque pretium tellus.,1,,4,,1
2026-07-15 13:31:01,2026-07-15 13:31:01,2,,100,0,1,2026-07-15 13:31:01,R_1NZWfmOBuMKrIRo,,,,,,,test,,5,Vulputate per laoreet. Elit rutrum consequat. Vitae consectetuer? Porttitor consequat elementum. Sapien faucibus viverra.,Consequat tempor praesent lectus. A ut? Cursus montes est. Vulputate wisi? Duis aliquet sed.,,,,,,,,,1,2,3,2,3,2,3,3,Dolorem ut euismod donec pretium augue cras volutpat. Culpa justo eros sed dignissim pede volutpat.,3,5,,Montes potenti scelerisque urna donec auctor dolorem pellentesque tortor sed nulla dolor eget.,Arcu? Dignissim enim ligula vivamus! Placerat sem suspendisse massa mi cursus potenti dolor.,2,,4,,3
2026-07-15 13:31:02,2026-07-15 13:31:02,2,,100,0,1,2026-07-15 13:31:02,R_b3MkjSVT6SeHkzk,,,,,,,test,,5,Vestibulum platea proin magnis. Suscipit fermentum dapibus erat nullam et.,Est tempora. Auctor cursus tempora leo dapibus rutrum. Morbi metus ante felis.,5,3,3,3,2,2,3,2,,,,,,,,,Nec sollicitudin proin tincidunt massa vel massa? Primis fringilla. Nibh.,3,6,,Metus turpis. Velit. Dictumst convallis dolor lorem temporibus egestas proin odio ut rutrum.,"Tempus primis, nullam quis. Donec. Fermentum temporibus accusamus tempus. Aenean enim a facilisis.",3,,7,Quam aliquet cras suscipit tempus ultrices risus et interdum nonummy atque.,2
2026-07-15 13:31:02,2026-07-15 13:31:02,2,,100,0,1,2026-07-15 13:31:02,R_1TzySVR5xWeZlbM,,,,,,,test,,5,Egestas at praesent? Elit pede imperdiet fermentum justo. Luctus metus tempora praesent ultrices.,"Neque nunc sapien porttitor ultrices! Ac rhoncus justo euismod, metus maecenas vivamus nibh.",,,,,,,,,3,1,2,1,3,2,1,1,Porttitor odio malesuada scelerisque commodo suspendisse tempor venenatis dapibus ultrices.,2,2,,Dignissim malesuada vehicula vitae lorem. Lectus culpa primis! Volutpat massa metus! Fusce.,Eget ultrices. Vulputate etiam nulla in dapibus sapien dolorem pede tempus sapien accumsan magna euismod.,1,,5,,2
2026-07-15 13:31:02,2026-07-15 13:31:02,2,,100,0,1,2026-07-15 13:31:03,R_b1axibfCxRuPCpo,,,,,,,test,,5,Aliquam eget duis ut culpa tempor? Sem pretium! Id orci imperdiet vel.,Curabitur nunc vivamus? Mauris magnis ridiculus? Amet neque! Facilisis bibendum pharetra.,2,3,3,3,2,2,1,2,,,,,,,,,Vulputate. Mauris ultricies! Auctor vitae! Vulputate ullamcorper lectus nec felis posuere culpa.,2,2,,Integer iaculis platea consectetuer vehicula bibendum placerat rutrum blandit. Interdum? Lorem.,Sagittis dignissim viverra suspendisse phasellus felis dolorem pretium tempora! Quis? Cursus sollicitudin augue.,2,,4,,2
2026-07-15 13:31:03,2026-07-15 13:31:03,2,,100,0,1,2026-07-15 13:31:03,R_8hJfjtUQDRrDLue,,,,,,,test,,4,Quis egestas justo blandit malesuada? Blandit vestibulum facilisis. Ullamcorper mauris potenti integer odio facilisis.,Magna? Phasellus luctus gravida convallis. Viverra atque vitae! Porta vulputate interdum! Fringilla molestie.,,,,,,,,,1,1,2,3,2,2,1,1,Magnis odio? Ut purus vestibulum morbi curabitur potenti aliquet temporibus curabitur odio interdum pretium.,2,4,,"Ullamcorper! Gravida facilisis, at est morbi? Ridiculus temporibus. Duis primis vestibulum sodales mauris integer suscipit.",Mi quis dui metus et platea. Convallis cursus sem aliquam venenatis nullam sit metus suspendisse.,3,,7,Mauris per porta luctus dictumst vivamus aenean dui sed vestibulum massa ante cursus.,1
2026-07-15 13:31:03,2026-07-15 13:31:03,2,,100,0,1,2026-07-15 13:31:03,R_6D3nl2bcwaBsncO,,,,,,,test,,5,Atque porttitor. Ultrices. Elementum duis morbi neque viverra! Integer dictumst quam porttitor ridiculus elit consequat.,Luctus? Ante tortor augue ligula gravida in proin nibh facilisi sodales.,2,1,2,1,3,2,3,3,,,,,,,,,Nunc? Id augue vestibulum maecenas tempora faucibus faucibus. Erat! Justo amet aliquam morbi.,3,7,Facilisi consectetuer imperdiet sit aliquam! Neque? Neque mattis felis est platea.,Diam urna viverra platea dictumst arcu? Vel diam. Ligula euismod rutrum natoque ultrices.,Eget commodo per sodales elit sit imperdiet ab nunc commodo sagittis. Sagittis? Nullam elit cursus.,1,,4,,4
2026-07-15 13:31:03,2026-07-15 13:31:03,2,,100,0,1,2026-07-15 13:31:03,R_037rnc3p4d7t2dg,,,,,,,test,,4,Natoque! Magnis sodales magna nulla dictumst viverra tempus! Luctus atque fusce. Magnis auctor elit rutrum.,Massa natoque aliquet amet donec duis nonummy tincidunt euismod! Eros molestie nullam laoreet.,,,,,,,,,3,3,1,2,2,2,1,3,"Quam ullamcorper. Orci rutrum massa placerat pellentesque, nonummy eu justo at etiam dui.",2,3,,"Pede magnis cras nullam. Elementum, proin? Fusce. Culpa placerat fermentum magna neque ab.",Fringilla? Posuere molestie tempus? Per? Mattis potenti iaculis dui imperdiet.,2,,4,,2
2026-07-15 13:31:04,2026-07-15 13:31:04,2,,100,0,1,2026-07-15 13:31:04,R_1XhntllKhAg9LyS,,,,,,,test,,4,"Facilisi enim. Natoque integer turpis ipsum. Temporibus dolor porttitor, odio fringilla tempora vitae, bibendum. Laoreet.",Vulputate. Non. Neque maecenas. Posuere laoreet! Posuere quis arcu tincidunt! Et temporibus? Temporibus.,6,3,2,3,2,1,1,2,,,,,,,,,Consequat sit tempor atque mattis ridiculus ac sagittis placerat vulputate duis.,2,4,,Gravida vulputate suscipit et nec! Nec id nec eget tempora sagittis pellentesque sapien.,"Mauris. Cursus, id pellentesque dolorem accusamus? Montes dolorem blandit viverra gravida.",4,Nibh ipsum in. Malesuada consectetuer diam fusce! Ante luctus culpa! Malesuada? Felis porta culpa.,6,,1
2026-07-15 13:31:04,2026-07-15 13:31:04,2,,100,0,1,2026-07-15 13:31:04,R_cOrbpOJct52hdpI,,,,,,,test,,5,Molestie proin ipsum tincidunt vestibulum vulputate ut. Posuere platea sodales euismod ante.,Sit dapibus eget viverra fermentum eget quam bibendum auctor id? Urna cras.,,,,,,,,,3,3,2,3,3,1,1,1,Dictumst facilisi consectetuer pharetra integer ultricies augue nunc laoreet erat euismod atque enim at.,1,3,,"Atque accusamus ultricies morbi vehicula laoreet commodo, egestas suspendisse mi ultrices phasellus metus.","Porta. Vel nunc proin euismod sed, sapien eleifend morbi dolor. Porta.",4,Faucibus tempor dignissim vehicula auctor. Ac molestie dolor! Erat praesent. Ullamcorper fermentum arcu.,6,,2
2026-07-15 13:31:04,2026-07-15 13:31:04,2,,100,0,1,2026-07-15 13:31:04,R_d1h5id9Hl1St5XM,,,,,,,test,,5,"Consequat molestie, molestie eu, natoque placerat, ultricies maecenas est amet convallis. Pharetra.","Montes, suscipit primis arcu nunc ut sit. Morbi pellentesque potenti.",2,3,1,2,2,3,1,3,,,,,,,,,Augue faucibus! Faucibus. Ac ultrices elit aliquet. Wisi tempor suspendisse. Imperdiet sapien auctor.,1,6,,Aliquam mauris ipsum eu mi. Platea nonummy nibh lacus placerat pellentesque aliquet sollicitudin dolor mattis.,Auctor. Sed fermentum in porttitor wisi convallis dignissim ultricies et urna turpis commodo nunc.,2,,4,,2
2026-07-15 13:31:04,2026-07-15 13:31:05,2,,100,1,1,2026-07-15 13:31:05,R_a5eEWiMcPurjLbE,,,,,,,test,,5,Neque. Urna quis neque pellentesque orci. Rhoncus suspendisse lorem! Donec! Tincidunt.,Dolorem malesuada tortor morbi per tincidunt phasellus massa vel dignissim. Iaculis mauris vulputate consectetuer.,,,,,,,,,2,1,2,3,1,3,1,1,"Posuere ullamcorper vel laoreet phasellus morbi, convallis integer pellentesque potenti orci.",2,5,,Aenean vivamus sollicitudin? Mauris accumsan! Quis accusamus cras. Placerat! Dolor tempus bibendum.,Sodales nibh! Orci eleifend lacus commodo neque porta imperdiet dapibus etiam. Magna.,4,Aenean magnis dignissim! Accumsan velit. Nibh morbi consequat metus nunc ullamcorper pede. Morbi? Felis. Id.,5,,3
2026-07-15 13:31:05,2026-07-15 13:31:05,2,,100,0,1,2026-07-15 13:31:05,R_8puXXM5qlgOPGlw,,,,,,,test,,4,Ante eget a natoque curabitur atque tellus sem nullam sed.,"Dolor neque ligula laoreet dolor bibendum, nunc metus ligula accumsan. Lacus.",5,2,3,1,3,3,3,2,,,,,,,,,Est dignissim suspendisse. Integer? Ante platea pretium phasellus? Potenti in eget ipsum.,3,5,,Mi turpis mattis dictumst. Ut urna at duis ultrices iaculis. Praesent. Praesent tempus.,Vulputate. Consectetuer platea! Risus commodo sem rutrum ligula est suspendisse maecenas nunc.,2,,4,,3
2026-07-15 13:31:05,2026-07-15 13:31:05,2,,100,0,1,2026-07-15 13:31:05,R_7QB6ZbjZDHblm5M,,,,,,,test,,5,Vivamus etiam atque tempor! Leo ante sagittis! Elementum mi est eget vivamus.,Potenti phasellus magnis molestie aliquet vivamus id tortor potenti nec sem consectetuer eu facilisi et.,,,,,,,,,2,2,1,2,3,3,2,2,Aliquam tempus dolor est scelerisque fringilla vehicula ipsum suspendisse tortor accusamus lectus arcu nibh.,3,4,,Scelerisque. Accusamus eget turpis tortor tortor ligula mattis tellus integer.,Aliquet ut a. Lorem nullam vivamus. Pede erat ipsum. Tellus a diam pretium lorem.,4,"Aliquet mi maecenas orci, leo auctor turpis est. Sollicitudin natoque ultrices platea ante curabitur vulputate.",1,,1
2026-07-15 13:31:05,2026-07-15 13:31:05,2,,100,0,1,2026-07-15 13:31:06,R_aXilgJqWSXU57RY,,,,,,,test,,4,Aliquet. Dapibus ipsum lorem wisi lorem. Interdum platea nec faucibus convallis aenean consequat curabitur viverra.,Euismod? Dapibus lectus id justo metus sit molestie magnis posuere? Erat ultrices.,5,3,3,2,3,2,3,1,,,,,,,,,"Pellentesque accumsan mattis! Eleifend. Sem potenti. Fusce! Viverra, lorem. Tempora nonummy mattis.",1,1,,"Molestie pharetra volutpat. Bibendum. Pede, tincidunt, mi vivamus nec? Euismod temporibus. Fermentum in! Facilisi eu.","Integer vitae at vitae pellentesque morbi etiam, pharetra pretium elit.",4,Consequat nibh velit aenean convallis elementum non consequat fusce arcu.,1,,3
2026-07-15 13:31:06,2026-07-15 13:31:06,2,,100,0,1,2026-07-15 13:31:06,R_d3TcZheV0HDX7Aq,,,,,,,test,,5,"Dolor sed? Eu maecenas convallis, malesuada tempor curabitur primis elit vulputate scelerisque nibh magna mattis.",Iaculis integer vehicula. Potenti ullamcorper primis diam. Dolor wisi rutrum accumsan laoreet nec tempor.,,,,,,,,,2,3,3,3,3,2,2,2,"Vehicula magna, bibendum porta tempor placerat bibendum. Vehicula sodales venenatis.",2,2,,Erat eget etiam dignissim malesuada mattis! Bibendum vitae bibendum consectetuer malesuada.,"Luctus? Rhoncus. Placerat curabitur massa. Mi odio. Massa volutpat, velit? Suspendisse eget arcu.",2,,1,,4
2026-07-15 13:31:06,2026-07-15 13:31:06,2,,100,0,1,2026-07-15 13:31:06,R_6RN8ItmHBZ1my6G,,,,,,,test,,4,"Augue porta dolor porttitor primis, arcu mauris eleifend auctor ipsum mauris.",Facilisi commodo euismod sollicitudin potenti eu tempus wisi porttitor rutrum ante magnis. Ullamcorper? Nullam.,6,3,2,3,1,2,3,1,,,,,,,,,Ante. Per volutpat vulputate vivamus ullamcorper tellus wisi mi erat sapien atque orci.,3,1,,Phasellus consequat. Vehicula convallis mi. Placerat erat dapibus aliquet facilisis.,Donec aenean dolorem maecenas aliquet? Praesent? Pellentesque donec gravida. Etiam posuere risus.,4,"Ac nec etiam vel a ante leo sollicitudin sem, aliquet dui. Nibh eu. Curabitur.",7,"Porta cursus per morbi interdum augue justo, suscipit nec nullam placerat dapibus sit.",3
2026-07-15 13:31:06,2026-07-15 13:31:06,2,,100,0,1,2026-07-15 13:31:07,R_a9SDqRu86cvwFkW,,,,,,,test,,4,"Platea aenean pharetra vitae sem. Sollicitudin commodo aliquam, lorem consectetuer, pharetra porttitor.","Ligula sodales duis sagittis purus ante, curabitur? Porta! Orci? Gravida nulla vestibulum.",6,3,3,3,3,1,2,3,,,,,,,,,Metus auctor volutpat tortor. Leo fringilla lacus? Justo et pellentesque tempora luctus amet convallis sem.,3,3,,"Ligula nonummy, consequat. Atque interdum? Laoreet suscipit culpa ultricies dolor.",Rhoncus erat amet quis elementum ac sapien praesent erat porttitor dolorem dolor.,1,,3,,2
2026-07-15 13:31:07,2026-07-15 13:31:07,2,,100,0,1,2026-07-15 13:31:07,R_ab2ukmfYrcM8w0C,,,,,,,test,,4,Ipsum leo pretium? Pharetra dui eu pharetra! Accumsan. Facilisis pretium.,Primis! Dignissim leo venenatis. Lacus tempora porta tempora ab! Montes eros accumsan velit vitae natoque.,,,,,,,,,3,2,1,3,2,1,3,3,"Vitae. Aliquet. Id? Urna ipsum. Neque sollicitudin praesent proin per potenti. Eros velit, sodales.",2,2,,Arcu dui culpa tempor ut amet! Consectetuer! Facilisi elit praesent volutpat per.,Dictumst euismod consequat cursus arcu montes wisi rhoncus est tortor massa? Magnis risus. Posuere.,2,,4,,2
2026-07-15 13:31:07,2026-07-15 13:31:07,2,,100,0,1,2026-07-15 13:31:07,R_9nx1KsyLD0xTdAy,,,,,,,test,,4,Metus elit pretium dui magna sed mi aliquet pretium cras pede.,"Mattis. Eleifend! Fringilla purus enim atque accusamus, amet, dignissim interdum tempora? Natoque fringilla.",5,3,3,2,1,3,1,2,,,,,,,,,Laoreet ante platea. Molestie rutrum justo augue posuere blandit vehicula phasellus. Primis convallis tortor.,2,6,,Elit ac culpa accumsan tellus! Vulputate velit cras orci. Rutrum. Sed accusamus luctus.,"Vehicula dignissim est atque venenatis, ligula mauris? Erat iaculis purus quam dignissim? Tempora duis.",2,,3,,2
2026-07-15 13:31:08,2026-07-15 13:31:08,2,,100,0,1,2026-07-15 13:31:08,R_8BPQWZCAgBvYFPU,,,,,,,test,,5,Venenatis imperdiet dui pede. Eros augue justo orci lacus posuere nulla sit elit culpa.,"Non integer, diam aliquet sapien vitae? Metus suscipit pharetra culpa risus. Interdum.",,,,,,,,,3,2,2,1,3,2,1,1,"Vitae dolorem magna, mattis viverra faucibus dapibus? Aenean ac wisi vulputate vel.",2,5,,"Praesent. Vel, turpis rhoncus placerat commodo nonummy neque. Rutrum. Elit vel etiam placerat.","Laoreet vehicula ante vitae velit donec! Dolor porta odio nibh ac vulputate tempus, potenti.",3,,6,,2
2026-07-15 13:31:08,2026-07-15 13:31:08,2,,100,0,1,2026-07-15 13:31:08,R_cVlTjPFBiL5XO18,,,,,,,test,,5,Magna! Ridiculus! Ullamcorper aliquam rhoncus porttitor! Risus lectus ab amet duis facilisi.,Massa porttitor? Enim ridiculus? Accumsan lectus mi pharetra vitae elementum sit justo gravida.,5,3,3,1,2,2,3,1,,,,,,,,,Sapien. Phasellus a. Ac scelerisque ab pharetra porttitor tempus mattis.,2,7,"Ipsum rhoncus nulla luctus nibh praesent lectus accumsan ridiculus dui magnis culpa purus, aenean.",Aliquet dolorem pellentesque! Diam. Suspendisse phasellus at tortor! Faucibus justo.,Nibh dignissim. Metus nunc vehicula dictumst magna placerat laoreet ligula faucibus sollicitudin vitae primis.,3,,5,,3
2026-07-15 13:31:08,2026-07-15 13:31:08,2,,100,0,1,2026-07-15 13:31:08,R_9Tv5WxarAR9q8su,,,,,,,test,,5,"Nunc pede dolor venenatis dignissim pede enim temporibus, ultrices lacus volutpat nibh natoque commodo.",Sed malesuada turpis erat atque lorem temporibus curabitur ante tellus est viverra accumsan.,,,,,,,,,2,3,3,2,3,1,3,2,Dolor interdum tempora dignissim. Nonummy. Ac sollicitudin blandit ante facilisi? Facilisi metus malesuada iaculis.,1,1,,"In arcu consequat, interdum eros egestas? In consectetuer nibh elementum montes tempor? Aenean ultricies phasellus.",Scelerisque? Wisi? Primis egestas. Accumsan atque phasellus. Convallis est et ut.,1,,5,,1
2026-07-15 13:31:08,2026-07-15 13:31:09,2,,100,1,1,2026-07-15 13:31:09,R_2o8c3Z17wvTo8Ki,,,,,,,test,,5,"Orci accumsan! Ipsum bibendum, consequat scelerisque facilisi amet accumsan sed.",Sollicitudin dolor. Fringilla nonummy sagittis odio laoreet convallis. Eu tempor praesent.,,,,,,,,,2,1,1,1,1,1,2,1,"Ultrices laoreet auctor! Praesent dictumst, arcu molestie. Vivamus facilisis. Rhoncus auctor ante volutpat nulla. Aliquet.",1,5,,Sed risus ultricies imperdiet consectetuer nullam dictumst. Pretium lacus tempora? Felis. Consectetuer? Ultrices.,Malesuada lacus consequat. Lorem ridiculus. Platea ligula per enim vel tincidunt laoreet nunc mattis.,4,At imperdiet potenti maecenas montes sodales eros lorem integer! Non consequat.,5,,2
2026-07-15 13:31:09,2026-07-15 13:31:09,2,,100,0,1,2026-07-15 13:31:09,R_bekKZrjGCgQSwWa,,,,,,,test,,4,"Sit turpis velit risus, ultrices curabitur rutrum? Odio consectetuer ac viverra.",Pretium! Interdum magna tempus. Dolor urna tincidunt quam vehicula accusamus accumsan enim aliquam odio aenean.,6,3,3,2,1,1,1,2,,,,,,,,,Et accumsan dolorem tempora iaculis imperdiet molestie elit! Iaculis dignissim wisi commodo.,3,5,,Justo enim tempor leo sodales natoque curabitur! Iaculis aliquam convallis.,"Vulputate venenatis porta? Fermentum magnis, commodo tempus ut vehicula tellus.",3,,2,,1
2026-07-15 13:31:09,2026-07-15 13:31:09,2,,100,0,1,2026-07-15 13:31:09,R_bJzOKpzWI5Gc1oO,,,,,,,test,,4,Placerat risus eros praesent consequat. Auctor lectus blandit natoque morbi.,"Mauris porttitor! Rhoncus nibh rutrum. Leo lorem sollicitudin potenti maecenas iaculis lacus, facilisi.",5,3,1,3,3,3,1,1,,,,,,,,,Aenean arcu dolor. Molestie eget fringilla sed est justo? Et. Iaculis ab elementum culpa.,1,7,Consectetuer ultrices a cursus magna convallis porttitor luctus sagittis imperdiet metus rhoncus montes atque suspendisse.,"Molestie montes imperdiet, gravida temporibus orci? Ipsum? Mattis accusamus. Potenti lorem sagittis nunc justo.",Suspendisse mauris cras dignissim placerat sagittis bibendum venenatis ipsum cras primis faucibus.,2,,4,,2
2026-07-15 13:31:10,2026-07-15 13:31:10,2,,100,0,1,2026-07-15 13:31:10,R_42xJOozrMe6uqW2,,,,,,,test,,5,"Porta auctor nullam dolor, sapien a dolor arcu enim luctus gravida? Nonummy.",Fermentum porttitor curabitur convallis etiam ut dignissim auctor purus enim scelerisque duis ipsum.,,,,,,,,,3,3,2,3,2,2,2,3,Orci! Tempus rutrum culpa potenti. Felis. Eros eleifend est in? Eget enim.,2,5,,Duis tempor vestibulum amet vestibulum natoque quis dui tincidunt convallis volutpat. Culpa.,Phasellus accumsan etiam fermentum dictumst luctus enim pharetra amet luctus metus metus ab.,4,Dolor? Mattis luctus venenatis facilisis imperdiet viverra sagittis fusce consectetuer.,6,,1
2026-07-15 13:31:10,2026-07-15 13:31:10,2,,100,0,1,2026-07-15 13:31:10,R_cXUMhbJmH2cDayW,,,,,,,test,,5,Euismod nec urna eget fermentum malesuada erat massa montes. Pretium primis! Lorem pellentesque dignissim.,Donec porttitor facilisis ipsum. Fermentum est volutpat. Pretium eros velit curabitur molestie sed blandit pede.,,,,,,,,,2,3,3,1,1,1,2,2,Orci? Mattis fermentum quis mauris facilisis urna lectus. Porta ac facilisi ut.,3,4,,"Magna ultrices vehicula est magnis justo. Sed? Laoreet, ab natoque. Tortor faucibus.",Accusamus scelerisque ab phasellus ab tempora nullam natoque consectetuer? Arcu iaculis accusamus pellentesque temporibus! Nec.,2,,4,,3
2026-07-15 13:31:10,2026-07-15 13:31:10,2,,100,0,1,2026-07-15 13:31:10,R_0DmA04qRNX1NNgq,,,,,,,test,,4,Vestibulum imperdiet montes rutrum quis bibendum? A? Est. Odio consequat.,"Suscipit amet elementum velit placerat. Pellentesque velit sed erat vitae non. Ab, purus placerat.",6,2,1,2,1,1,1,2,,,,,,,,,Leo urna justo neque elementum accusamus magnis vel natoque ligula ante.,2,2,,Tempora vehicula. Non elementum ridiculus pretium arcu! Nunc potenti. A. Wisi.,Molestie sapien porttitor proin ullamcorper pede vehicula non sagittis ac.,3,,4,,3
2026-07-15 13:31:11,2026-07-15 13:31:11,2,,100,0,1,2026-07-15 13:31:11,R_0VUPAFHI543yGpg,,,,,,,test,,5,Urna tortor velit vestibulum leo ut enim id! Vestibulum pretium viverra consectetuer! Etiam. Suspendisse.,Consequat tempor non! Dapibus. Dictumst erat neque mauris wisi blandit.,2,3,1,3,1,2,3,2,,,,,,,,,"Rhoncus dapibus. Posuere aliquet! Augue quam dictumst. Porttitor et, tincidunt? Morbi tempor molestie porttitor.",2,2,,"Venenatis venenatis. Pharetra? Dapibus suspendisse suspendisse urna, elit temporibus consequat morbi suspendisse rutrum.","Interdum imperdiet mi platea. Porttitor iaculis, tempor elementum turpis. Sollicitudin.",2,,6,,3
